Company Name,Company Code
ABB LTD.,500002
AEGIS LOGIS,500003
ARE&M,500008
A.SARABHAI,500009
ANDHRA PETRO,500012
UTIQUE,500014
ARUNAHTEL,500016
BOM DYEING,500020
ASIANHOTNR,500023
ATUL LTD.,500027
ATV PROJECTS,500028
BAJAJ ELECT.,500031
BAJAJHIND,500032
FORCE MOTR,500033
BAJFINANCE,500034
BALRAM.CHINI,500038
BANCO PROD.,500039
CENTURY TEXT,500040
BANNARI AMAN,500041
BASF INDIA,500042
BATA INDIA,500043
BEML LTD,500048
BHARAT ELECT,500049
BHANSALI ENG,500052
BIHAR SPONGE,500058
BINANI IND.,500059
BIRLACABLE,500060
BLUE STAR,500067
DISA INDIA,500068
QUESTCAP,500069
BPL LTD.,500074
OAL,500078
CENTURY EXT,500083
CESC LTD.,500084
CHAMBAL FERT,500085
EXIDE IND.,500086
CIPLA LTD.,500087
DIC INDIA,500089
CRISIL LTD,500092
CGPOWER,500093
DABUR (I),500096
DALMIASUG,500097
ARVIND Ltd,500101
BHEL,500103
HIND.PETRO,500104
IFCI LTD,500106
MAHA.TELE,500108
MRPL,500109
CHENNAI PET.,500110
STATE BANK,500112
STEEL AUTH.,500113
TITAN,500114
IDBI BANK L,500116
DCW LTD.,500117
DHAMPUR SUGA,500119
DIAMINES&CHM,500120
ELANTAS,500123
DR.REDDY'S,500124
E.I.D.PAR,500125
PGHL,500126
ELEC.CASTING,500128
ESAB INDIA,500133
EPL,500135
ESTER INDUS.,500136
FGP LTD.,500142
P.H.CAPITAL,500143
FINOL. CABLE,500144
COCKERILL,500147
UFLEX LTD,500148
FOSECO INDIA,500150
GOLDEN TOB,500151
GANESH BENZO,500153
METROGLOBL,500159
GTL LTD.,500160
GODFREY PH,500163
GODREJ IND,500164
KANSAI NERO,500165
GOODRICKE,500166
GOODYEAR (I),500168
GTN INDUS,500170
GHCL LTD,500171
GFLLIMITED,500173
GUJ.LEASE,500174
HCL INFOSYS,500179
HDFC BANK,500180
HEROMOTOCO,500182
HFCL,500183
HSCL,500184
HIND.CONSTN.,500185
HIND.OIL EXP,500186
AGI,500187
HINDUS.ZI,500188
NDLVENTURE,500189
HMT LTD.,500191
PRAG BOSIMI,500192
HLVLTD,500193
I.G.PETRO,500199
IND.GLYCOLS,500201
IND.LEAS.DEV,500202
MARGO FIN,500206
INDO RAMA,500207
INFOSYS LTD,500209
INGERSOLL,500210
INTER.TRAVEL,500213
ION EXCHANGE,500214
AGRO TECH FO,500215
JAIN IRRIG,500219
JCT LTD,500223
JINDAL POLYF,500227
JSWSL,500228
UMANG DAIR,500231
KAJARIA CER.,500233
KAKATIYA CEM,500234
KALYANI STEL,500235
KANELIND,500236
WHIRLPOOL,500238
KG DENIM,500239
KINETIC ENG.,500240
KIRL.BROS.,500241
KIRL INDUS,500243
KIRL.FERROUS,500245
ENVAIN ELECT,500246
KOTAK MAH.BK,500247
KSB,500249
L.G.BALKRISH,500250
TRENT LTD.,500251
LAXMIMACH,500252
LIC HOUS.FIN,500253
LUPIN LTD.,500257
LYKA LABS,500259
RAMCOCEM,500260
HYBRIDFIN,500262
MAFATLAL IND,500264
MAH.SEAMLESS,500265
MAH.SCOOTER,500266
MAJESTIC AUT,500267
MANALI PETRO,500268
BARODA RAYON,500270
MFSL,500271
MID INDIA IN,500277
MIRC ELECT,500279
CENTURY ENKA,500280
LORDS CHLORO,500284
SPICEJET LTD,500285
MOREPEN LAB.,500288
MRF LTD.,500290
HEIDEL CEM,500292
NCC,500294
VEDL,500295
NAHAR SPG.,500296
NAT.PEROXIDE,500298
GRASIM IND.,500300
PEL,500302
NIIT LTD.,500304
JAYKAY,500306
NIRLON,500307
ONGC CORPN,500312
OIL COUNTRY,500313
ORIENT HOTEL,500314
OSWAL AGRO.,500317
INDIAN SUCRO,500319
PANYAM CEMEN,500322
RELIANCE,500325
PILITA,500327
RAYMOND,500330
PIDILITE,500331
PIX TRANS,500333
BIRLA CORPN.,500335
SURYA ROSHNI,500336
PRIME SECUR.,500337
PRSMJOHNSN,500338
RAIN,500339
AMJLAND,500343
PUN.COMMUNI.,500346
RSWM  LTD,500350
RAJSH.SUGAR,500354
RALLIS INDIA,500355
RAMANEWS,500356
RAMA PAPER,500357
RAMA PETRO,500358
RAPICUT CARB,500360
WELSPLSOL,500365
RUBFILA INT.,500367
PATANJALI,500368
SALORA INT.,500370
JINDAL SAW,500378
JK LAKSHMI,500380
SHREE CEMENT,500387
SHREE KRISHN,500388
REL INFRA,500390
TATA POWER,500400
SPMLINFRA,500402
SUNDARAM FAS,500403
SUNFLAG IRON,500404
SUPREME PET,500405
SWARAJ ENGIN,500407
TATA ELXSI,500408
ACC LTD,500410
THERMAX,500411
THIRUMALAI,500412
THOMAS COOK,500413
TIMEX GROUP,500414
TOKYO PLAST,500418
TORRENT PHAR,500420
TRANSCHEM,500422
AMBUJA CEME,500425
UTLINDS,500426
UNIPHOS ENT.,500429
VARD HOLDNG,500439
HINDALCO,500440
WEST COAS PA,500444
HIND.ORG.CHM,500449
PAS.ACRYLON,500456
KORE,500458
PROCTER &GAM,500459
MUKAND LTD.,500460
BBOX,500463
UCAL,500464
HARR.MALAYAL,500467
FEDERAL BANK,500469
TATA STEEL,500470
SKF INDIA,500472
ASHOK LEYL.,500477
CUMMINS (I),500480
TATA COMM,500483
ABBOTT (I),500488
BAJ HOLD INV,500490
BHARAT FORGE,500493
ESCORTS,500495
HIND.MOTORS,500500
LARSEN & TOU,500510
MAH & MAH,500520
BOSCH LTD,500530
BHARAT PET.,500547
SIEMENS LTD.,500550
TATA MOTORS,500570
VOLTAS LTD,500575
GREAT EASTE,500620
DEEPAK FERT.,500645
EXCEL INDUST,500650
GRWRHITECH,500655
GLAXOSMITH,500660
GUJ.NARMADA,500670
NOVARTIS,500672
SANOFI,500674
PFIZER LTD.,500680
GUJ.ST.FERT,500690
HIND UNI LT,500696
AKZOINDIA,500710
NOCIL LTD,500730
TATA CHEM.,500770
T.P.L.,500777
ZUARIIND,500780
NESTLE (I),500790
TATACONSUM,500800
ASIAN PAINTS,500820
BRITANIA IND,500825
COLGATE PALM,500830
EIH LTD.,500840
INDIAN HOTEL,500850
CASTROL,500870
ITC LTD.,500875
APOLLO TYRES,500877
CEAT LIMITED,500878
MODI RUBBER,500890
FINOLEX IND.,500940
CENTRUM CAP,501150
INDUS.INV.TR,501295
INDUS.&PRUD.,501298
TATA INVEST.,501301
PRISMX,501314
MOTOR&GEN.FI,501343
SWASTIK SAFE,501386
W.H.BRADY,501391
SHA ENG PLA,501423
BOM.BURMAH,501425
BOM.CYCLE,501430
GREAVES COTT,501455
AMALGAMATED,501622
INDIA NIVEH,501700
COAST CORP,501831
CHOWGULE ST,501833
GLOBAL OFFS,501848
ASIIL,502015
SAGAR CEM.,502090
HEMADRI CEM,502133
DECAN CEMENT,502137
MANGALAM CEM,502157
N C L IND.,502168
SAURAS.CEM.,502175
SRI DIGV CEM,502180
BORORENEW,502219
LERTHAI,502250
TRIVENI GLAS,502281
NILACHAL REF,502294
ANDPAPER,502330
BALKRISH IND,502355
ORIENT PAPER,502420
CITADEL,502445
ROLLATAINER,502448
SESHA.PAPER,502450
NATHIND,502587
VAPIENTER,502589
DCM LTD.,502820
FORBES & CO,502865
H.P.COTTON,502873
JAMSHRI,502901
KATARE SPG.,502933
KESORAM IND,502937
LAKSHMI MILL,502958
VARDH TEXT,502986
PENLAND LTD,503031
PASUPATI SPG,503092
PHOENIX MILL,503100
MARATHON NEX,503101
RAJA BAHADUR,503127
REL.CHEMOTX,503162
RUBY MILLS,503169
SIMPLEX REAL,503229
SWAN ENG,503310
VICTORIA MIL,503349
SVARAJ TRAD,503624
ZODIAC VEN,503641
VEER ENERGY,503657
SWIL,503659
TILAK,503663
KKFIN,503669
WAGEND,503675
MEDIA ONE,503685
BANSW.SYNTEX,503722
MODELLA WOOL,503772
MODIPON,503776
SHRI DINESH,503804
SRF LIMITED,503806
SIYARAM SILK,503811
SWAD.POLYTEX,503816
SHREE MFG CO,503863
BHARAT BIJLE,503960
ELPRO INTER,504000
GEE LTD,504028
HIND.RECT,504036
NIPPOBATRY,504058
ZENSAR TECH.,504067
JYOTI LTD.,504076
JSL LTD.,504080
KAYCEE IND,504084
INDOKEM LTD.,504092
PANA ENERG,504093
NELCO LTD.,504112
PERM MAGNETS,504132
HIGH ENERGY,504176
STD.BATTERY,504180
UNIV.CABLE,504212
W.S.INDUSTR.,504220
DELTON CABLE,504240
LAKSHMI ELEC,504258
MODULEX,504273
DELTAMAGNT,504286
CONFINT,504340
RELTD,504341
EMPOWER,504351
MULTI-PURPOS,504356
NYSSACORP,504378
FLOMIC,504380
KRISHNA VEN,504392
GANESH HOLDI,504397
UNI ABEX,504605
SARDA ENMIN,504614
BHAGWATI AUT,504646
BOM.WIRE ROP,504648
I BRIGHT ST,504731
IND.HUME PIP,504741
INVEST &PREC,504786
INFORMEDTEC,504810
KAIRA CAN CO,504840
ORIENTCER,504879
NATIONAL STD,504882
RATHI ST,504903
DUNCANENG,504908
SANDUMA,504918
STOVAC IND.,504959
TATA YODOGAW,504961
TINPLATE,504966
CHOLAHLDNG,504973
WELCAST,504988
AUTO AXLES,505010
AUTO COR.GOA,505036
SETCO AUTO,505075
SCOOTERS IND,505141
TALBROS AUTO,505160
ZF STEERING,505163
SMLISUZU,505192
TIL LTD.,505196
EICHER MOTOR,505200
JAINEX,505212
ALFRED HERB,505216
VELJAN,505232
DYNAMAT.TECH,505242
G.G.DANDEKAR,505250
GMM PFAUDLER,505255
KIRLOSAR PN,505283
KPT,505299
LAXMI AUTOLM,505302
MANUGRAPH IN,505324
MONOTYPE IND,505343
NESCO LTD,505355
INTEGRA ENG,505358
SEMAC,505368
TEXINFRA,505400
WENDT(INDIA),505412
RESPON IND,505509
SHYAMKAM INV,505515
MAHA CORP,505523
DOLATALGO,505526
WESTLIFE,505533
ZEE ENTER,505537
SVPGLOB,505590
SKYL MILLAR,505650
BIMETAL BEAR,505681
BHARAT GEARS,505688
BRADY MORRIS,505690
LATIMMETAL,505693
ELECON ENG,505700
DECCAN BEAR.,505703
GRAUER& WEIL,505710
HIMTEK,505712
GABRIEL(I),505714
HERC.HOISTS,505720
AQFINTECH,505725
IFB IND.LTD.,505726
SINGER INDIA,505729
INTER.COMBUS,505737
FED MOG GOE,505744
JOSTS ENG.,505750
SCHAEFFLER,505790
MIPCO SEAM.,505797
RANE HOLDIN,505800
ROLCON ENGG.,505807
SNL BEARINGS,505827
JAIPAN INDUS,505840
MANCREDIT,505850
TRF LTD.,505854
WPIL LTD.,505872
KENNAMETAL,505890
HINDHARD,505893
TRITON VALVE,505978
SUDAL INDUS,506003
PRAKASH IND.,506022
ARSHIYA,506074
GRIND NORTON,506076
STANROSE MAF,506105
GENESYS INT.,506109
PANKAJPIYUS,506122
PARNAXLAB,506128
INTELL CAP,506134
VISAGAR POL,506146
KANANI IND,506184
GCKL,506186
ARIH SUPER,506194
BLISSGVS PH,506197
STYRENIX,506222
ALEMBIC LTD.,506235
AMINES&PLAST,506248
ANUH PHARMA,506260
MODISONLTD,506261
BAYER CROP,506285
CHEMO PHARMA,506365
HEUBACHIND,506390
COROM INTER,506395
DEEPAK NITR.,506401
DMCC,506405
FERMENTA,506414
GOCLCORP,506480
JAYSHRI CHEM,506520
KANORIA CHEM,506525
KELTECH EN.,506528
NITTA GELA,506532
M.P.AGRO IND,506543
ORIENT.CARB.,506579
PCBL,506590
AMAL PRODUCT,506597
POLYCHEM,506605
PUN.CHEM,506618
GUJCHEM DIST,506640
SADHANA NITR,506642
SUDARSH.CHEM,506655
TECIL CHEM.,506680
ULTRAMARINE,506685
TRANSPEK,506687
UNICHEM LAB,506690
MYS PETRO,506734
ALKYL AMINES,506767
TUTIALKA,506808
ASTRAZEN.PH.,506820
PRIMO,506852
TANFAC IND.,506854
GUJ.PETRO,506858
GUJ.THEMIS.,506879
SCBL,506906
JAYSN DYEST,506910
MAKERS LAB.,506919
CONT.CHEM,506935
J.B.CHEMICAL,506943
ADV.PETROCH.,506947
APT PACK,506979
BL.CHIP TEX,506981
JAGATJIT IND,507155
KESAR ENT.,507180
TILAKNAG IND,507205
RAVALGAON,507300
SAKTHI SUGAR,507315
WALCHANDNGR,507410
IFB AGRO,507438
KOTHARI FERM,507474
CAPROLA.CHEM,507486
G.M.BREWERI,507488
RANA SUGARS,507490
PICCADILY SU,507498
SOM DISTILL.,507514
CJ GELATIN,507515
ASSO.ALCOHOL,507526
FOODS & INNS,507552
IVP LIMITED,507580
KLRFM,507598
MILKFOOD,507621
POLSON LTD.,507645
WIPRO LTD.,507685
ORIENT BEVER,507690
DHAN AGRI,507717
TTK HEALTHCA,507747
TGVSL,507753
LIME CHEM.,507759
KANPUR PLAST,507779
TAINWALA CH.,507785
JAGSON PHAR,507789
KHAITAN CHEM,507794
NATI. OXYGEN,507813
GILLETTE (I),507815
WIRES FABRIK,507817
ANSALHSG,507828
COMPUTER PNT,507833
MAC CHARLES,507836
ADDI IND.,507852
PION INVEST,507864
ASHNOOR TEX.,507872
UNITECH LTD,507878
VIP INDUS.,507880
FIBERWB IN,507910
LKP FIN,507912
BAJAJ STEEL,507944
KIDUJA INDIA,507946
KEY CORP.LTD,507948
GUJ.HOTELS,507960
RAS RESORTS,507966
PARA. COSMET,507970
JINDAL HOTL,507981
SIMMONDS-MAR,507998
BNALTD,508136
HAWKINS COOK,508486
WARREN TEA,508494
COCHIN MALA,508571
BEST E.HOTEL,508664
NEELAMALAI,508670
IST LTD.,508807
COSMOFIRST,508814
APOLLO HOSP.,508869
NITINCAST,508875
SMIFS CAPITA,508905
EVEREST INDS,508906
IRONWOOD,508918
MSR INDIA,508922
AYMSYNTEX,508933
PANASON CAR,508941
FINKURVE,508954
HB LEAS.PUB,508956
SULABH ENG.,508969
FRONTCAP,508980
NAVNETEDUL,508989
SATPROP LTD,508996
AUSOM ENT,509009
RUCHI INFRA.,509020
VJTFEDU,509026
NETLINK SOLU,509040
LANCOR HOLDS,509048
INDIAN INFO.,509051
BANAS FIN.,509053
VISAKA IND.,509055
INFOMEDIA,509069
HATHWAY BHAW,509073
GUFIC BIO SC,509079
PHOTON CAP,509084
GRPLTD,509152
INDAG RUBBER,509162
M.M.RUBBER,509196
PTL LTD,509220
TVS SRICHAKR,509243
SEL,509423
BENARES HOT,509438
BHAGWATI OXY,509449
BOMOXY-B1,509470
CRAVATEX,509472
BERGE PAINT,509480
CAPRIHANS,509486
GRAPHITE IN.,509488
ITDCEM,509496
EMPIRE IND.,509525
GRAVISS HOSP,509546
GARFIBRES,509557
GARWA.MARINE,509563
GOA CARBON,509567
HARDCASTLE,509597
HEG LIMITED,509631
HIND.COMPOSI,509635
HIL,509675
IND.CARD,509692
INT.CONVEYOR,509709
JAYSHRE TEA,509715
MODERN SHARE,509760
HUHTAMAKI,509820
PREMIER SYN.,509835
SHALIMAR PAI,509874
SINNAR BIDI,509887
HIND MILLS,509895
SUPREM IND,509930
THACKER,509945
U.P.HOTELS,509960
VST INDUS.,509966
SWASTI VINAY,510245
MADHUS.SEC,511000
YAMINI INVES,511012
PREMIER CAP.,511016
MILGREY FIN,511018
JINDAL DRILL,511034
SAKTHI FIN.,511066
SAT IND LTD,511076
JMDVL,511092
SHIVA TEXYAM,511108
V.B.DESAI,511110
QUADRANT,511116
FIRST CUSTO.,511122
KAMAN HSG,511131
WSFX,511147
ANJANIFOODS,511153
PARSHWANA,511176
MILLENNIUM,511187
I.C.D.S.,511194
CANFIN HOMES,511196
IL & FS INVE,511208
SHRIRAM TRAN,511218
CHOLAFIN,511243
VLS FINANCE,511333
IND CEM CAP,511355
AD-MANUM FIN,511359
INTER GLOB F,511391
MCLTD,511401
SHRISTINFRA,511411
CREST,511413
VAKRANGEE,511431
GUJ.CREDIT,511441
SYLPH TECH,511447
DHARANI FIN.,511451
ALEXANDER,511463
IND.BANK MER,511473
SHRYDUS,511493
BHARAT BHUSH,511501
CAPITAL TRUS,511505
USHAKIRAN FI,511507
VIVO BIO TEC,511509
VEERHEALTH,511523
PAN INDIA C,511525
SAHARA HOUSG,511533
NDA SECURIT.,511535
GSB FINANCE,511543
MORARKA FIN.,511549
MONARCH,511551
PRO FIN CAP.,511557
TIMES GUARAN,511559
SANCHAY FIN.,511563
SOMDATT FIN,511571
REGENCY TRUS,511585
AVONMORE,511589
LIBORD FIN,511593
YASH MANAGE.,511601
ARIHANT CAP.,511605
ISL CONSULT,511609
DCM FINANCIA,511611
R R FINANCE.,511626
IMCAP,511628
SAMBHAAV MED,511630
OMEGA INTERA,511644
SUGAL DAM,511654
NETTLINX LTD,511658
SCANSTL,511672
GIC HOUSING,511676
MATHEW EASOW,511688
AJCON GLOBAL,511692
CHARTERED CA,511696
STD.CAP.MRKT,511700
YOGI,511702
CUBICAL FIN.,511710
NIMBSPROJ,511714
BAIDFIN,511724
VIPUL LTD,511726
USHDEV INTNL,511736
UGROCAP,511742
SHALIB.FINAN,511754
ABIRAMI FIN.,511756
SEVENHILL,511760
AASTAFIN,511764
MUTHOOT CAP,511766
MASTER TRUST,511768
EFCIL,512008
CNI RES LTD,512018
SARASW.COMM.,512020
N.D.METAL,512024
KAPIL COTEX,512036
ROYAL IND,512047
LUHARUKA,512048
VISVEN,512064
DECCANGOLD,512068
UPL,512070
CRANES SOFTW,512093
SAICOM,512097
SIGNET IND,512131
ADVANCE TECH,512149
SECURKLOUD,512161
ABANSENT,512165
VAMA INDS,512175
SUNTECK REAL,512179
STEPHANOTIS,512215
PRISM MEDI,512217
VERITAS,512229
JAI CORP LTD,512237
ASHIRWAD CAP,512247
SVARTCORP,512257
MEDIA MATRIX,512267
NNTL,512279
BHAGYA INL,512296
SHANTAI,512297
CHAMBAL BREW,512301
SGMART,512329
ARAVALI SEC.,512344
CRESSANDA SO,512379
STARTECK,512381
SHARDUL SECU,512393
SERA,512399
NIRAV COMMER,512425
APOLLO FIN I,512437
ENBEE TRADG.,512441
GANONPRO,512443
SHRI JAGDAMB,512453
LLOYDS MET E,512455
LLOYDSENT,512463
BETEX INDIA,512477
POLYTEX(P),512481
DHANAL.COTEX,512485
OASIS SECUR.,512489
GARNET INTL,512493
SHALIMAR PRO,512499
DONEAR IND.,512519
SUPER SAL IN,512527
SEQUENT,512529
STC INDIA,512531
ZENITH EXP.,512553
KOHINORFOODS,512559
NEELKANTH,512565
AVANTI FEEDS,512573
ZODIAC JRD,512587
SITA ENTER.,512589
PULSAR INTL.,512591
UNIMODE OVER,512595
KEYFINSER,512597
ADANI ENTER,512599
HARIA EXPORT,512604
BHANDARI HOS,512608
RLF LIMITED.,512618
REGENTRP,512624
ORBIT EXPORT,512626
SAVERA IND,512634
VBC FERRO,513005
TATASTLLP,513010
NAVA,513023
REMI EDEL,513043
G.S.AUTO INT,513059
TRANSFREIGHT,513063
SHIV.BIMETAL,513097
GANDHI SP.TU,513108
AMFORGE IND.,513117
ABC GAS INT,513119
ORICON ENT,513121
ACROW INDIA,513149
STL STR INF,513173
PENNAR STEEL,513228
JYOTI STRUCT,513250
JAY USHIN,513252
ST.STR.WHEEL,513262
MAN IND.(I),513269
MODERN STEEL,513303
SYNTHIKO FOI,513307
GOLKONDA,513309
GUJ.TOOLROOM,513337
AJMERA,513349
COCHIN MIN.,513353
ISW LTD,513361
KVFORGE,513369
CARBORUNDUM,513375
MINERAL&METL,513377
VALLABH STEL,513397
ASHIANA ISP.,513401
PM TELELINN,513403
SMFIL,513418
BLOOM INDUST,513422
MAITRI,513430
TATA METALIK,513434
SHAH ALLOYS,513436
ELANGO INDUS,513452
KANISHK ST.,513456
MAHALAXMI SM,513460
SIMPLEX CAST,513472
SH.STEEL WIR,513488
SOUTH.MAGNES,513498
BARODA EXTR.,513502
GUJ.CONTAIN.,513507
KALYANI FORG,513509
PANCH.STEEL,513511
ADITYA ISPAT,513513
S.R.INDUS.,513515
STEELCAST,513517
PITTIENG,513519
GLITTEK GRAN,513528
PRADEEP MET.,513532
GNRL,513536
SHARDA ISPAT,513548
MAHA STEEL,513554
NOVA IRON&ST,513566
STERPOW,513575
HIND.COPPER,513599
TULSYAN NEC,513629
AXEL POLYMER,513642
NLCINDIA,513683
SPECTRA IND.,513687
KIC METALIKS,513693
SOLID STONE,513699
SHILP GRAVUR,513709
WHITEORG,513713
HGIND,513723
ARO GRANITE,513729
HIM.FIBRES,514010
RAJKAMAL SYN,514028
DEEPAK SPINN,514030
LOY.TEX MILL,514036
HIMAT.SEIDE,514043
BSL LTD.,514045
PBM POLYTEX,514087
ADHINATH TEX,514113
SURYALATA SP,514138
SURYAVA SPIN,514140
TT LTD.,514142
WELSPUN (I),514162
IND.ACRYLICS,514165
GANESH ECOSP,514167
CEETA IND.,514171
VARDHMAN POL,514175
BLACKROSE,514183
ST CORP,514197
BINNY LTD.,514215
RAMGOPAL POL,514223
SANGAM INDIA,514234
MKVENTURES,514238
KUSHIND,514240
SREECHEM RES,514248
SEASONS TEXT,514264
ZENITH FIBRE,514266
BHILWARA SP.,514272
AARVEE DENIM,514274
SANRHEA TECH,514280
ASHIMA LTD.,514286
PIONEER EMB,514300
VIPPY SPIN.,514302
JAY HIND SYN,514312
RAGHUVIR SYN,514316
JATTAINDUS,514318
KAMADGIRI,514322
PATSPIN INDI,514326
ONEGLOBAL,514330
NEOINFRA,514332
WINSOME YRN,514348
PREMIER POLY,514354
EVERFIN,514358
KRRAIL,514360
YARN SYNDICA,514378
GUJ COTEX,514386
GARWARE SYN.,514400
MANORG,514418
HINDU.ADHESI,514428
SRI KPR IND,514442
JYOTI RESINS,514448
MAHA.RUBTECH,514450
SOUTH.LATEX,514454
WIMSOME TEXT,514470
MOD.INSUL.,515008
REG.CERAMIC,515018
ASAHI IN.GLA,515030
MURD.CERAM,515037
SAINT-GOBAIN,515043
ANANTRAJ,515055
MADHUS.IND.,515059
RESTILE CER.,515085
MADHAV MARB.,515093
RAMASIGNS,515127
HALDYN GLASS,515147
DUROPLY,516003
SHREYANS IND,516016
AGIO PAPER,516020
STAR PAPER,516022
PAKKA,516030
ARROWGREEN,516064
VISHNU CHEM,516072
JUMBO BAG,516078
N.R.AGARWAL,516082
3PLAND,516092
SH.KARTHIK P,516106
S.I.PAPER,516108
FAMILYCARE,516110
VINDHYA TELE,517015
RIR,517035
ADORWELDING,517041
INT.DATA MAN,517044
SALZER ELEC,517059
JETINFOTRAN,517063
APLAB LTD.,517096
PCS TECH,517119
USHA MART.LT,517146
SPEL SEMICON,517166
SUBROS LTD.,517168
EDVENSWA,517170
HONEYWELL,517174
SWITCH.TECH.,517201
LUMAX IND,517206
DIGISPICE,517214
CALCOM VISIO,517236
DYNAVISION,517238
BCC FUBA,517246
PRECISION EL,517258
FINELINE CI,517264
HBL P SYS,517271
S&S POWER SW,517273
GUJARATPOLY,517288
GUJ.IND.POW.,517300
MOTHERSON,517334
MINDTECK (I),517344
HAVELLSINDIA,517354
ACI INFOCOM,517356
SBEC SYSTEMS,517360
INCAP LTD.,517370
GUJ.INTRUX,517372
IGARSHI MOT,517380
SYMPHONY,517385
VINTRON INF.,517393
PAN ELECTR.,517397
VXL INSTRUM.,517399
SHYAM TELEC.,517411
LEE&NEE SOFT,517415
PATEL AIRTEM,517417
BFLYGANDHI,517421
INTEG.SWITCH,517423
ATHENAGLO,517429
DUTRON POLY.,517437
R.S.SOFTWARE,517447
MAGNA ELECTR,517449
MARSONS,517467
ELNET TECH.,517477
ACCEL,517494
WEBELSOLAR,517498
ROTO PUMPS,517500
TTK PRESTIGE,517506
DHINDIA,517514
RAJ GLO WIR,517522
SURANATP,517530
ONWARD TECHN,517536
CENTUM ELEC,517544
ALFA TRANSFO,517546
NHCFOODS,517554
PVP VENT LTD,517556
TRIGYN TECH,517562
KEI INDUST.,517569
IMPPOWERS,517571
KEERTHI,518011
BHEEMA CEM,518017
SURAJ PRODUC,518075
ANJANI PORTL,518091
MODINATURAL,519003
KHANDEL. EXT,519064
TASTY BITE,519091
RITESH INTER,519097
AVT NATURAL,519105
HIND.FOODS,519126
NAHAR INDUST,519136
VADILAL ENT,519152
VADILAL IND,519156
ASHIANA AGRO,519174
ADF FOODS LT,519183
RGRL,519191
AJANTA SOYA,519216
WILLIAM.MAGO,519224
SAPTARISHI A,519238
SARDA PROT.,519242
PRIMA AGRO L,519262
MADHUR IND,519279
TARAI FOODS,519285
MODERN DAIRI,519287
BAMBINO AGRO,519295
PRIME INDS.,519299
VSF PROJ,519331
POONA DAL,519359
TRANSGL.FOOD,519367
ANIK INDS,519383
SHARAT INDUS,519397
KSE LIMITED,519421
NARBADA,519455
VIRAT CRANE,519457
IB INFOTECH,519463
AMBARPIL,519471
CHORDIA FOOD,519475
CIANAGRO,519477
TAI INDUST.,519483
N K INDUST.,519494
BKV INDUSTRS,519500
ASIAN TEA,519532
HERITGFOOD,519552
SIMRAN FARMS,519566
HIND.AGRIGEN,519574
CCL PRODUCTS,519600
KELLTONTEC,519602
SURYO FOODS,519604
INTEG.PROEIN,519606
MAHAAN FOODS,519612
RICO AUTO,520008
OMAX AUTOS.,520021
MUNJAL SHOWA,520043
JAMNA AUTO,520051
TVSHLTD,520056
JTEKTINDIA,520057
MUNAUTO,520059
JAYBH.MARUTI,520066
RACLGEAR,520073
SAMKRG PIST.,520075
SICALLOG,520086
RATNAMNI MET,520111
VESUVIUS IND,520113
AUTOMOTIVE S,520119
ABC INDIA,520123
BALURGHAT TE,520127
SIBAR AUTO,520141
SHREY SH LOG,520151
STARLOG,520155
TITANIN,521005
EUROTEX IND,521014
INDO COUNT,521016
MARAL OVERS,521018
SOMA TEXTILE,521034
ADV LIFESTY,521048
KAKATIYA TEX,521054
OCTAVE,521062
TRIDENT,521064
HISAR SPIN.,521068
ALOK INDS.,521070
PASARI SPIN,521080
SPENTEX INDS,521082
AMARJOTHI SP,521097
OLYMPIA IND.,521105
NAGREEKA EXP,521109
SUDITI IND.,521113
SBFL,521131
EUREKA IND.,521137
ADITYA SPIN.,521141
PRIME URBAN,521149
DHANLXMI FAB,521151
SRI LAK.SAR.,521161
ZODIAC CLOTH,521163
SRI RAMK.MIL,521178
SUPER SPIN.,521180
UNITED TEXT.,521188
SIL INVEST,521194
SURYLAK.COTT,521200
SAMTEX FASH.,521206
CITYMAN,521210
DHAN ROTO SP,521216
DAMOINDUS,521220
SANBLUE,521222
UNI ROYAL IN,521226
TATIA GLOB,521228
SRI NACHAMAI,521234
SAMBANDAM SP,521240
KANDAGIRI SP,521242
PARAS PETRO,521246
KITEX GARMEN,521248
CRANEX LTD.,522001
BATLIBOI LTD,522004
AUSTIN ENGG.,522005
UNITED DRILL,522014
FLUIDOMAT,522017
EMA INDIA,522027
WINDSOR MACH,522029
SHANTHI GEAR,522034
MIVEN MACHIN,522036
HONDAPOWER,522064
HITECHGEAR,522073
ELGI EQUIP,522074
UV DER HORST,522091
KILBURN ENGG,522101
BIRLA PRETEC,522105
YUKEN INDIA,522108
TIMKEN (I),522113
VOITH PAPER,522122
ARTSON ENG,522134
SOLITAIR MC,522152
DIACABS,522163
INDSIL HYD,522165
ITL INDUSTRS,522183
FRONTIER SPR,522195
PRAJ IND.LTD,522205
RASANDIK ENG,522207
YOGI SUNGWON,522209
HLEGLAS,522215
GUJ APOIND,522217
TANEJA AERO.,522229
CONART ENG.,522231
MINAL IND,522235
SHIVAGRICO,522237
M.M.FORGINGS,522241
IYKOT HITEC,522245
MAYUR UNIQ.,522249
CENLUB INDUS,522251
RAJOO ENGIN.,522257
DOLPHIN OFF.,522261
VEEJAY LAKSH,522267
GET&D,522275
RAM RAT.WIRE,522281
JAY NECO IND,522285
KPIL,522287
NMSRESRC,522289
CANDOUR,522292
T & I GLOBAL,522294
CONTROL PRNT,522295
BEMCO HYDRAU,522650
ANSAL BUILD.,523007
WEIZMANN LTD,523011
B.N.RATHI SE,523019
RISHITECH,523021
SINCLAIR HOT,523023
SAFARI IND.,523025
BIN.TEX.PR(P,523054
JJ FINANCE,523062
COSMO FERR.,523100
FUTURA SEC.,523113
SANCO TRANS,523116
ADOR MULTI.,523120
EIH ASSO.HOT,523127
MEDI CAPS,523144
OTCO INTERN.,523151
MORGAN CRU,523160
BA PACK,523186
ABAN OFFSHO,523204
KOKUYOCMLN,523207
BHARAT SEATS,523229
CONT.PETRO,523232
NB FOOT WEAR,523242
MACHINO PLAS,523248
PEARL POLYME,523260
VENKEY'S (I),523261
ADVANI HOTEL,523269
G.V.FILMS,523277
SUPER HOUSE,523283
RAMA VISION,523289
TCPL PACK,523301
SHRIGANG IND,523309
BALMER LAWRI,523319
KOVAI MEDI.,523323
ELDECO HOUS.,523329
DCMSHRIRAM,523367
DCM SHR.IND,523369
MAWANA SUGAR,523371
MINI DIAMOND,523373
MAH.RAS.APEX,523384
NILKAMAL L,523385
NAHAR POLY,523391
3M INDIA LTD,523395
JCHAC,523398
JM FINANCIAL,523405
ADCINDIA,523411
TAMIL.TELE.,523419
SUNRAJ DIAM.,523425
REL INDL INF,523445
SHARP INDIA,523449
LINDEINDIA,523457
IND.BANK HSG,523465
JAIMATA GLAS,523467
LOTUS CHOC,523475
PACIFIC IND.,523483
CMM HOSPITAL,523489
UNI OFF AUTO,523519
APM INDUS.,523537
PRECISION WR,523539
KRYPTON IND,523550
SWISSMLTRY,523558
MARTIN BURN,523566
IND.TONERS,523586
KUNSTSTOFFE,523594
SHIPP.CORPN,523598
SIKA INTER.,523606
ITI LTD.,523610
DREDGING COR,523618
PHARMASIA,523620
PODDAR,523628
NATIONAL FER,523630
IP RINGS LTD,523638
PI INDUS.LTD,523642
PLASTIBLEND,523648
YASHINNO,523650
KKPLASTICK,523652
WATERBASE,523660
FLEX FOODS,523672
GOLKUNDA DIA,523676
APCOTEX IND,523694
FORTIS MLR,523696
MASTEK LTD,523704
EIMCO ELECON,523708
SAYAJI HOTEL,523710
ASHIANA HOU,523716
ECO BOARD IN,523732
DVL,523736
TIHIL,523752
MAHEPC,523754
MITSHI,523782
MAZDA LTD,523792
SOVEREIGN DI,523826
MENON BEAR.,523828
MUKAT PIPES,523832
GUJ.RAFFIA,523836
SIMPLX INFRA,523838
INN.TECH.PAC,523840
SUPER TANNER,523842
CONSTRONIC,523844
AXTEL INDUS.,523850
PIFL,523862
PRECI CONTNR,523874
V.R. WOODART,523888
POONAWALLA,524000
HIND.FLUROCA,524013
KINGFA,524019
PATIDAR,524031
RAMA PHOSPH,524037
VENLON ENTR,524038
POLYPLEX,524051
ALBERT DAVID,524075
HAR.LEATHER,524080
CARYSIL,524091
KABRA EXTR,524109
VINYL CHEM,524129
PEE CEE COSM,524136
T C M LTD.,524156
IOL CHEM PH,524164
KESAR PETRO,524174
VINATI ORG.,524200
LACTOSE(I),524202
TEESTA AGRO,524204
AARTI INDUST,524208
WANBURY LTD,524212
RESONANCE,524218
GUJ AMB EXP,524226
RASHTR.CHEM.,524230
GUJINJK,524238
KOPRAN LTD.,524280
AIMCO PESTI.,524288
GUJ.TERC LAB,524314
SEYAIND,524324
JAYANT AGRO,524330
BCLIL,524332
SH.HARI CHEM,524336
INDOBORAXC,524342
AARTI DRUGS,524348
BODAL CHEM,524370
ORCHIDPHAR,524372
VIMTA LABS,524394
BIOFIL CHEM,524396
ISHITA DRUGS,524400
MARKSANS,524404
UNIV.STARCH,524408
AAREY DRUGS,524412
NORRIS MEDI.,524414
ASIAN PETRO,524434
CAMEX LTD,524440
EVEXIA,524444
INDOEURO,524458
SYNCOM FORM.,524470
RIDHI SIDHI,524480
SVCIND,524488
IPCA LAB LTD,524494
KILITCH DRUG,524500
RAAJMEDISAFE,524502
CORAL LAB.,524506
KREBS BIOCHM,524518
KMC SHIL,524520
LAFFANS PETR,524522
BHASKAR AGRO,524534
SUKJIT STRCH,524542
NEULAND LAB.,524558
GAYATRI BIO,524564
PODDAR PIGM.,524570
PHARMAIDS PH,524572
VIVID IND,524576
PRIYA LTD.,524580
TIRUPATI STA,524582
JD ORGOCHEM,524592
ASHOK-ALCO,524594
AKSHARCHEM I,524598
BERYL DRUGS,524606
INDXTRA,524614
ISTRNETWK,524622
GAGAN GASES,524624
PARKER AGRO.,524628
SHUKRAPHAR,524632
ALU FLUORIDE,524634
OXYGENTAPH,524636
ARCHITORG,524640
SIKOZY REAL,524642
INDO AMINES,524648
IND.SWIFT LT,524652
NATURAL CAPS,524654
WELCURE DRUG,524661
BH.IMMUN&BIO,524663
SOTL,524667
HESTER BISC,524669
KABSONS INDU,524675
BASANT AGRO,524687
SANDU PHARMA,524703
NACLIND,524709
VISTA PHARMA,524711
SUN PHARMA.,524715
TITAN BIOTEC,524717
SDL,524727
JENBURKT PH.,524731
HIKAL LTD.,524735
CAPLIN POINT,524742
LINK PHARMA,524748
DECIPHER,524752
EMMESSAR BIO,524768
NGL FINE CHM,524774
EVEREST ORG.,524790
AUROB.PHARMA,524804
PHYTOCHEM I.,524808
NATCO PHARM,524816
DYNAMIC IND.,524818
PANAMA PETRO,524820
BAL PHARMA,524824
BDH INDUS.,524828
GLOBUS CON,526025
CUBEX TUBING,526027
POLYMECH.MCH,526043
GALAXY BEAR.,526073
SCAGRO,526081
RAVILEELA GR,526095
UNIROYAL MAR,526113
KARAN WOO-SN,526115
SHERVANI IND,526117
SUPERTEX IND,526133
SHETRON LTD,526137
TRANSGENE BI,526139
MPL,526143
NIKHIL ADHSV,526159
SPENTA INT.,526161
MULTIBASE I,526169
ANDREW YULE,526173
LUDOLOW JUTE,526179
ASHRAM ONLIN,526187
ROYAL CUSHIO,526193
SURAJ INDUS.,526211
HITECHCORP,526217
BLOOM DEKOR,526225
FILATEX INDI,526227
STD.SURFACT.,526231
MORGAN VENT,526237
AMRAPALI IND,526241
PREMIER EXPL,526247
MOLD-TEK TEC,526263
CRESTCHEM LT,526269
MPHASIS LTD,526299
MEDINOVA DIA,526301
DIVSHKT,526315
ORIENT PRESS,526325
SHREYAS INTE,526335
PANJON LTD.,526345
DURO PACK,526355
SWARNASA,526365
GANESH HSG.,526367
NMDC LTD,526371
CINDRELLA HT,526373
PAT INT LOG,526381
ALPHAGEO (I),526397
RIT PRO IND,526407
KKALPANAIND,526409
OK PLAY (I),526415
KRITI INDUS.,526423
WELTERMAN I.,526431
ASM TECHNOLO,526433
PERFECTPAC,526435
AMBITIOUS PL,526439
VISIONCINE,526441
INDRAYANI BI,526445
EURO LEDAR F,526468
WINSOME BREW,526471
ELEGANT FLOR,526473
SKY INDUST.,526479
PHOENIX INT.,526481
RISHIROOP,526492
PROMACT,526494
STR GRE WOO,526500
SYSTAMATIX C,526506
ALPINE HSG.,526519
SANGHI IND.,526521
WWALUM,526525
SFPIL,526532
SCANP GEOM,526544
CHOKSI LABOR,526546
CCHHL,526550
LONGVIEW TEA,526568
ENTERPR.INTE,526574
TECHIN,526576
TPL PLAST,526582
WIM PLAST LT,526586
PHOTOQUIP(I),526588
LIBERTY SHOE,526596
LIPPI SYSTEM,526604
ELECTROTHERM,526608
BLUE DART EX,526612
EXPO GAS,526614
NAT.PLASTIC,526616
MFL INDIA,526622
TEXEL INDUS.,526638
ROYALE MANOR,526640
MIRZA INTER,526642
TOURISM FINA,526650
THAKKERS DEV,526654
RAJDARSHAN,526662
BHARTIYA INT,526666
KAMAT HOTELS,526668
TIRTH PLAST,526675
KEEPLEARN,526677
POLO HOTELS,526687
ECOPLAST LTD,526703
ELEGANT MARB,526705
BITS LTD.,526709
ADARSH PLANT,526711
HPBL,526717
NICCO PARKS,526721
NTC INDUST,526723
SANDESH LTD.,526725
GARNET CONST,526727
GOLDIAM INT.,526729
BRIGHT BROS.,526731
NARMADA GEL,526739
P.G.FOILS,526747
GRATEX INDS.,526751
VELAN HOTELS,526755
HOWARD HOTEL,526761
PRESSURE SEN,526773
VALIANT COMM,526775
DR.AGAR.EYE,526783
GREENPLY IND,526797
UNION QUALIT,526799
SEAMEC LTD,526807
RAGHUNATH IN,526813
CHEVIOT CO.,526817
DAI-ICHI KAR,526821
RAJINFRA,526823
SPICE ISLAND,526827
CONFI PETRO,526829
SHELTER,543963
ASHIRWAD STL,526847
BILCARE LTD.,526853
INTER ST.FIN,526859
RISHI LASER,526861
JAINCO PROJ.,526865
INTEC CAP,526871
RAJ.GASES LT,526873
SIDDHESW.GAR,526877
63MOONS,526881
SARLA PER F,526885
MARKET CREAT,526891
HFIL,526899
SONAL ADHESI,526901
PADMAIND,526905
21ST CEN.MGM,526921
HARIYANA SH.,526931
ARUNIS,526935
TYROON TEA,526945
LA-OPALA RG,526947
GOLDEN LAMIN,526951
VENUS REMEDI,526953
LASTMILE,526961
GUJ.CRAFT IN,526965
HEERA ISPAT,526967
DHOOT I.FIN.,526971
SHBAJRG,526981
URJA GLOBAL,526987
ASHAPURA LTD,527001
SH.PACETRON.,527005
GUJ.ALKALI,530001
INDIA CEM.,530005
JK TYRE IND,530007
MANGLR.CHEM,530011
STD.INDUST.,530017
JUBLPHARMA,530019
THEINVEST,530023
SAMYAK INT,530025
AADI INDUS L,530027
SANTOSH FINE,530035
ACKNIT IND,530043
TITAN SECUR.,530045
REALECO,530053
HARMONY CAP.,530055
VIVANZA,530057
YASRAJ CONT.,530063
CSLFINANCE,530067
SANGHVI MOVE,530073
SELAN EXPLOR,530075
FRESHTROP FR,530077
FAZE THREE L,530079
ANUPAM,530109
RAJ PACKAGIN,530111
PRIVISCL,530117
NATRAJ PROTE,530119
SAMRAT PHARM,530125
NILE LTD.,530129
UDAIPUR CEME,530131
AMCO INDIA L,530133
OPTIEMUS,530135
KREON FIN,530139
KISAN MOULD.,530145
VIJAY TEXTIL,530151
KERALA AYUR,530163
MOONGIPA CAP,530167
MOHIT PAPER,530169
DAULAT SEC.,530171
ODYSSEY TECH,530175
RSC INT,530179
SURATRAML,530185
ATHARV ENT,530187
FUNDVISER,530197
THEMIS MEDIC,530199
KALLAM,530201
BRAWN BIO,530207
FORTUNE INT.,530213
KINGSINFRA,530215
SWOJAS ENRGY,530217
SUBHASH SILK,530231
AURO LAB.,530233
KJMC FIN.,530235
SUVEN LIFE S,530239
ARYAMAN FIN.,530245
BRIDGE SECUR,530249
RISA INTL,530251
RAJ.TUBE MFG,530253
KAY POW PAP,530255
INTER ST.OIL,530259
GLOBAL CAP.,530263
SAINIK FIN.,530265
RICH UNV,530271
QUANTUM DIG.,530281
SP CAPITAL,530289
PAOS,530291
KOTHARI PROD,530299
PICCADILY AG,530305
CHAMANLAL SE,530307
CHANDRA PRAB,530309
KIMIABL,530313
HIND.TIN WRK,530315
GODAVARI DRU,530317
PREMCO GLOB.,530331
MUKESH BABU,530341
GENUS POWER,530343
ASIANENE,530355
KBS INDIA,530357
PRABHHANS,530361
UGAR SUGAR,530363
ORIENTBELL,530365
NRB BEARINGS,530367
NILA INFRA.,530377
DB INT.ST.BR,530393
VINYOFLEX LT,530401
JINDAL CAP.,530405
EPIC ENERGY,530407
SUMEDHA FISC,530419
KUWER INDS.,530421
CHOKSI IMAG,530427
ASHISH POLY.,530429
ADOR FONTECH,530431
SHIVA FERT.,530433
SIDDHA VEN,530439
KIRAN SYNTEX,530443
SUMERU IND,530445
RUNGTA IRRIG,530449
CINERAD COMM,530457
VALSON INDUS,530459
SABOO SODIUM,530461
GSL SECUR.,530469
TINNARUBR,530475
VIKRAM THERM,530477
A.K.CAPITAL,530499
RELAXO FOOT.,530517
VIRAT INDUS.,530521
SHEETAL DIAM,530525
TERAI TEA CO,530533
MANRAJ HSG.F,530537
COSCO INDIA,530545
KEN FIN.SER.,530547
SHILPA MEDIC,530549
PARAMOUNT CO,530555
NCL RESEARCH,530557
ARCHANA SOFT,530565
EXPLICIT FIN,530571
LADDERUP FIN,530577
UYFINCORP,530579
EKAM LEASING,530581
SWASTIK INV,530585
PRIMA PLASTI,530589
JAGSON FIN.,530601
CARNATION IN,530609
STURDY INDS,530611
GARG FURNACE,530615
SAMPRE NUTRI,530617
AAIL,530621
VIPULORG,530627
ECORECO,530643
GOODLUCK,530655
GOYAL ASSO.,530663
ZENITH HEALT,530665
ACEENGITEC,530669
SUPREME HO,530677
LYKISLTD,530689
PRIME PROP,530695
ZENLABS,530697
RAJRAYON,530699
GOWRA LEASNG,530709
JAGAN LAMPS,530711
AJEL,530713
ALPS INDS.,530715
ASIT C FIN,530723
SUPER BAKERS,530735
OVOBEL FOODS,530741
INDO ASN.FIN,530747
CORAL NEWSPR,530755
STERL.TOOLS,530759
AGARWAL,530765
DYNAMIC PORT,530779
CEEJAY FINAN,530789
SUNCITY SYNT,530795
SHREE GANES.,530797
BHAGIL,530803
OIVL,530805
BNR UDYOG,530809
KRBL LTD.,530813
SSPDL LTD,530821
DAIKAFFIL CH,530825
CIL SECURITS,530829
CLIO INFOTEC,530839
CUPID LTD,530843
SUNSHIELD CH,530845
HIPOLIN LTD.,530853
CHEMBOND CHM,530871
CIFL,530879
ABVL,530881
SUPER CROP.,530883
N.G.IND.LTD.,530897
ASIA PACK,530899
REMSONS IND.,530919
STANPACKS(I),530931
RAMINFO,530951
SUNIL AGRO F,530953
DIANA TEA CO,530959
VIKASECO,530961
INDIAN OIL,530965
ALFA ICA (I),530973
SKCIL,530977
INDIA HOME,530979
ROOPA INDUS,530991
UNIQUE ORGAN,530997
BALAJI AMINE,530999
SWARNA SECUR,531003
ARIHANT SEC.,531017
VISAGAR FIN,531025
LIBORD SEC,531027
JRELTD,531035
COMPETENT AU,531041
DHAN JEEVAN,531043
NEELKANTH RO,531049
CONTIL I LTD,531067
VIJAY SOLVEX,531069
SHRI KRISH,531080
ALANKIT,531082
NIHAR INFO,531083
UNITED CRED.,531091
OMINFRAL,531092
ISHAN DYES,531109
GOTHI PLASCO,531111
BALUFORGE,531112
CEENIK EXPO.,531119
PATEL ENGG.,531120
MENAMANI,531127
INANI MARBLE,531129
GEMSTONE INV,531137
EL FORGE LTD,531144
MEDICAMEN BI,531146
ALICON,531147
DILIGENT,531153
EPSOM PRO,531155
ALFAVISON.OV,531156
CATVISION,531158
ABM KNOWLEDG,531161
EMAMI LTD.,531162
KEMISTAR,531163
ASSOC.CERAMI,531168
SKP SECURE.,531169
SYSCHEM (I),531173
BLS INFOTE,531175
MEFCOM CAPIT,531176
HEMANG,531178
ARMAN FIN,531179
GLANCE FIN.,531199
SHILCHAR TEC,531201
TRADEWELL,531203
TINEAGRO,531205
NUCLE.SOFT E,531209
COLINZ LABOR,531210
NLFL,531212
MANAP FIN,531213
RTS POWER CO,531215
COMFORT INTE,531216
SHYAMAINFO,531219
MAYUR FLOOR.,531221
ANJANI SYNT.,531223
XTGLOBAL,531225
DECO-MICA,531227
RANDER CORP.,531228
RASI ELECTRO,531233
SCOOBEEDAY,531234
CITI PORT FN,531235
DHRUVA CAP.,531237
SHAMROCK IND,531240
LINC,531241
PRIMA IND.,531246
INDIA GELAT.,531253
OPTIFIN,531254
PARAGON FIN.,531255
PRATIKSHA CH,531257
ESHAMEDIA,531259
REFEXRENEW,531260
VST TILLERS,531266
B2B SOFT.,531268
NIKKI GLOBAL,531272
RADHE DEVLOP,531273
ELIXIR,531278
TRISHAKTI EL,531279
PANKAJ POLY.,531280
MARBLE,531281
CINDRELLA FI,531283
NAT PLASTIC,531287
NATFIT,531289
ARTEFACT PR,531297
AMIT INTNL.,531300
NUTECH GLOBA,531304
DHP INDIA LT,531306
RRIL,531307
AVAILABLE FI,531310
HAVISHA,531322
JAYIND,531323
ROSELABS FIN,531324
CHARMS INDUS,531327
KRETTOSYS,531328
VIKALP SEC.,531334
ZYDUS WELL,531335
WINPRO,531337
MILE GLOBAL,531338
BERVIN INV.,531340
GUJ.INVESTA,531341
CONTAIN.CORP,531344
EASTERN TRED,531346
PANACEA BIOT,531349
MERCURYEV,531357
CHOICE INT.,531358
SHRIRAM ASSE,531359
GOLECHA GLOB,531360
EKANSH,531364
SPAR,531370
BYKE HOSP,531373
CENTENIAL SU,531380
ARIHANT FOUN,531381
HASTI FINANC,531387
UPSURGE INV.,531390
PADAM COTTON,531395
WOMEN NETWOR,531396
SOURCENTRL,531398
G.G.AUTOMATI,531399
ALMONDZ GLO,531400
LWS KNITWEAR,531402
ANS LTD,531406
ALCH CORP,531409
TUNI TEXTILE,531411
RADIX IND,531412
NARENDRA PRO,531416
MEGA CORPN.,531417
TAMIL.NEWSPR,531426
SHAKTI PUMPS,531431
SYSTEMATIX,531432
SAFFRON IND,531436
PWASML,531437
GOLDSTONE EN,531439
VARDHMAN,531444
GRM OVERSEAS,531449
MOHIT INDUS.,531453
POLYLINK POL,531454
MINAXI TEXT.,531456
CONTI.CONTRL,531460
NOUVEAU,531465
DUKE OFFSHOR,531471
CYBELE IND,531472
CG-VAK SOFTW,531489
NAVKAR,531494
MADHUCON PRJ,531497
SYBLY INDS.,531499
RAJESH EXPO.,531500
ESAAR (I)LTD,531502
MARIS SPIN.,531503
INDERGIRI FN,531505
EVEREADY (I),531508
STEP TWO COR,531509
ORIENT TRADE,531512
VIKASPROP,531518
ACE SOFTWARE,531525
SOFTRAK VENT,531529
HATSUN AGRO,531531
ACCEDERE,531533
RISHABH DIGH,531539
MARUTI INFRA,531540
KOBO,531541
JINDAL WORLD,531543
SOMANY CRAM,531548
JHAVERI CRED,531550
RAGHUNATH TO,531552
DRL,531553
CORAL (I)FIN,531556
SANJIVANI PA,531569
VAS INFRA,531574
KMF BUILDERS,531578
BERYL SECUR.,531582
DEVINE IMPE,531585
BAMPSL SECUR,531591
GENPHARMA,531592
INCON ENGG.,531594
CGCL,531595
FDC LIMITED,531599
GOGIA CAP,531600
GORANI INDUS,531608
KG PETROCHEM,531609
COUNTRY COND,531624
OROSMITHS,531626
TEJASSVI,531628
LINCOLN PHAR,531633
PRAVEG,531637
SURAJ LTD,531638
MARICOLTD,531642
TOKYO FINANC,531644
NATIONAL GEN,531651
HITTCO TOOLS,531661
RRMETAL,531667
VISION CORPO,531668
BISIL PLAST,531671
INANI SEC.,531672
ANKA INDIA,531673
AMERISE,531681
PRITHVIEXCH,531688
RAINBOW FOUN,531694
TRICOMFRU,531716
VIDHIING,531717
BHAGIRA.CHEM,531719
PANCHSHEEL O,531726
MENON PISTON,531727
GREENCREST,531737
GENNEX LAB,531739
GINI SILK MI,531744
PRAJAY ENGS.,531746
BIOGEN,531752
G.K.CONSULT.,531758
APOLLOPIPES,531761
UNJHA FORMUL,531762
POLY MEDICUR,531768
SHRADDHA,531771
KACHCHHMIN,531778
PADMANABH AL,531779
KACL,531780
KCLINFRA,531784
ATUL AUTO,531795
PRERNA INFR,531802
METAL COATIN,531810
GANGAPAPERS,531813
TIRUPATI SAR,531814
MUNOTH FIN.,531821
RODIUM,531822
NAGAR.AGRITE,531832
NATURA HUE C,531834
INDUSFINL,531841
LAHOTI OVER.,531842
ZENITHSTL,531845
TRINITYLEA,531846
ASIAN STAR,531847
ORIRAIL,531859
JOINDRE CAPI,531861
BHARATAGRI,531862
UNITECH INTE,531867
SACHETA MET.,531869
POPULAR EST,531870
ANJANI FINL,531878
GMETCOAL,531881
REXNORD ELE.,531888
IIL,531889
KHANDWALA SE,531892
SAWACA BUSI,531893
CCL INTER,531900
GALLOPENT,531902
CROISSANCE,531909
MADHUVEER,531910
GALAXY AGRIC,531911
GOPAL IRON S,531913
HIND.APPLIAN,531918
AGAR IND COR,531921
DHAMPURE SGR,531923
SHANTANU SHE,531925
INNOCORP L,531929
SARTHAK INDU,531930
SAI CAPITAL,531931
SERVOTEACH,531944
VERTEX SEC.,531950
RIBA TEXTILS,531952
NEWINFRA,531959
KASHYAP,531960
SHREMETAL,531962
IITL PROJ,531968
CHARTERLOGIS,531977
AMBIKA COTTO,531978
HIND ALUMIN,531979
SPECTR FOOD,531982
AMRAWOR AGRI,531991
AUTO PINS(I),531994
ODYSSEY CORP,531996
INDUCTO STL.,532001
SAM INDUS.,532005
SHREEVAT.FIN,532007
POOJA ENT,532011
GRAVITY (I),532015
ESPIRE,532016
LCC INFOTECH,532019
FILAT FASH,532022
SINDHU TRADE,532029
UNISTAR MULT,532035
ZENOTECH,532039
HINDUSTN BIO,532041
FRONTL CORP,532042
SWELECT,532051
WALLFORT FIN,532053
KDDL LTD,532054
ADINATH EXIM,532056
ABHINAV CAP,532057
KILPEST (I),532067
SUMUKA,532070
SAGARPROD,532092
INDO-CITY IN,532100
SBEC SUGAR,532102
BRIJLAXMI LE,532113
BSE  INFRA,532123
RELIAB VEN,532124
BANKBARODA,532134
MOHITE,532140
ACL,532141
SKM EGG PROD,532143
WELCORP,532144
H.S.(I) LTD.,532145
BNK OF INDIA,532149
INDRAPRAST,532150
JOHNPHARMA,532154
GAIL (I) LTD,532155
VAIBHAVGBL,532156
TRESCON,532159
GUJ.STAT.FIN,532160
JK PAPER,532162
SAREGAMA (I),532163
ADROITINFO,532172
CYBERTECH,532173
ICICI BANK,532174
CYIENT,532175
ENGINRS.(I),532178
DHANALAK.BNK,532180
GUJ.MINERAL,532181
GAYATRI SUGR,532183
INDUSIND BNK,532187
INDIA TOURIS,532189
J & K BANK,532209
CITY UNION,532210
ARCHIES LTD,532212
AXIS BANK,532215
HB STOCKHOL.,532216
SIEL FINANCL,532217
SOUTH IND.BK,532218
ENERGY DEV.,532219
SONATA SOFT.,532221
BENGAL TEA &,532230
NAT.ALUM,532234
INDIA NIPPON,532240
NALWA SONS,532256
APAR INDUS.,532259
TCI INDUS.,532262
ACCELYA,532268
ORCHASP,532271
HCL TECHNO,532281
TCFC FINANCE,532284
GEOJITFSL,532285
JINDAL STE,532286
BLB LTD.,532290
GLENMARK PHA,532296
WOCKHARDT,532300
TATA COFFEE,532301
IND-SWIFT LA,532305
MELSTAR INFO,532307
GEPIL,532309
SHREE RAMA,532310
MAHINDRALIFE,532313
TELESYS SOFT,532315
VAARAD,532320
ZYDUSLIFE,532321
SHIVA CEMENT,532323
CINEVISTA,532324
INTENS TECH,532326
DANLAW TECH.,532329
AJANTA PHARM,532331
HB PORTFOLIO,532333
HB ESTATE DE,532334
AMBICA AGAR.,532335
COMPUCOM SOF,532339
OMNI AX'S SO,532340
IZMO,532341
TVS MOTOR L,532343
SOFTSOL (I),532344
GATI LTD.,532345
SUBEX LTX,532348
TRANSPORT CO,532349
PADMALAYA TE,532350
AKSH OPTIFIB,532351
VIRGOGLOB,532354
PICTURHOUSE,532355
TRIVENI ENGG,532356
MUKTA ARTS,532357
NAGPUR POWER,532362
DYNACONS SYS,532365
PNB GILTS,532366
BCG,532368
RAMCO INDS.,532369
RAMCO  SYSTM,532370
TATA TELESER,532371
VIRINCHI,532372
WEPSOLN,532373
STER TECH,532374
TIPSINDUSTR,532375
MRO-TEK,532376
FIRSTFIN,532379
BABA ARTS,532380
BALAJI TELE.,532382
TYCHE INDS,532384
CALIFORN.SOF,532386
PRITISHN COM,532387
INDIAN OVER.,532388
TAJ GVK HOTL,532390
CREATIVE EYE,532392
AXISCADES,532395
KONNDOR,532397
UMESL,532398
BSOFT,532400
USGTECH,532402
SAVEN TECHNO,532404
AVANTEL LTD,532406
MOSCHIP,532407
MEGASOFT LTD,532408
TRANSCORP IN,532410
VISESH INFO.,532411
CEREBRA INTE,532413
MID-DAY MULT,532416
SMARTLINK,532419
GODREJ CONS,532424
GENUSPRIME,532425
BF UTILI,532430
UNITD SPR,532432
SANINFRA,532435
OLECTRA,532439
MPS LTD,532440
CERA SANITAR,532443
BHARTI ARTL,532454
SHALIMAR WIR,532455
COMPUAGE INF,532456
GULSHAN POLY,532457
FAZE3AUTO,532459
PONNI SUG(ER,532460
PUNJAB NATIO,532461
ORACLE FIN,532466
HAZ MUL PRO,532467
KAMAHOLDING,532468
APTECH LTD,532475
UNION BANK L,532477
UNITED BREWA,532478
ISMT LTD,532479
NOIDA-TOLL B,532481
GRANULES (I),532482
CANARA BANK,532483
BALMER LA.IN,532485
POKARNA LTD,532486
DIVI'S LAB.,532488
ASTRA MICRO,532493
RADICOKHAIT,532497
MARUTISUZUK,532500
RAJAPAMILLS,532503
NAVIN FLUORI,532504
UCOBANK,532505
BAG FIL MED,532507
JSL,532508
SUPRAJIT ENG,532509
TVSELE,532513
INDRA GAS,532514
TV TODAY,532515
PALRED,532521
PETRONET LNG,532522
BIOCON LTD.,532523
PTC INDIA,532524
BANK MAHA,532525
RK FORGINGS,532527
DATAM GLOB,532528
NDTV,532529
STAR,532531
JAIPRA,532532
ULTRATECH CM,532538
UNOMINDA,532539
TCS LTD.,532540
COFORGE,532541
GULFPETRO,532543
CENTURYPLY,532548
WELENT,532553
NTPC LTD,532555
SALSTEEL,532604
JBM AUTO,532605
DWAR SUGAR,532610
INDOCO REM,532612
VIPCLOTHNG,532613
IMPEX,532614
XCHANGING,532616
JETAIRWAYS,532617
MORARJETEX,532621
JINDALPH,532624
POCL,532626
JPPOWER,532627
3I INFOTECH,532628
GOKALDAS,532630
ALLSEC TECH,532633
IIFL,532636
MAN DRUGORG,532637
SHOPPER STOP,532638
CYBER MEDIA,532640
NDL,532641
JSWHL,532642
JK CEMENT,532644
BEEYU OVERSE,532645
YES BANK,532648
NECTAR LIFE,532649
MSP STEEL,532650
SPL INDS,532651
KARNATAKA BK,532652
MCLEOD RUSSE,532654
FACOR ALLOYS,532656
IDFC,532659
RANE MADRAS,532661
HT MEDIA,532662
SASKEN,532663
FCS SOFTWARE,532666
SUZLONENERGY,532667
AURIONPRO SO,532668
RENUKA SUGAR,532670
KM SUGARMILL,532673
BANNARI AMMA,532674
PBA INFRASTR,532676
AIAENGINEER,532683
EVEREST KANT,532684
KERNEX MICRO,532686
REPRO INDIA,532687
PVRINOX,532689
RADHA MADHAV,532692
BARTRONICSIN,532694
CELEBRITYFAS,532695
NITINSPINNER,532698
ROYALORCH,532699
ENT NETWORK,532700
CELLA,532701
GUJ PETRONET,532702
JAGRAN PRAK,532705
DYNEMIC PRO,532707
GVK POWERINF,532708
SADBHAV ENGG,532710
REL COM LTD,532712
SAKUMA EXPO,532713
KEC INTERN,532714
GILLA ARBUT,532716
INDOTECHTR,532717
BL KASHYAP,532719
M&M FINANSER,532720
NITCO TILES,532722
MPDL,532723
SOLAR IND,532725
GALLANTT,532726
MALU PAPER,532728
UTTAM SUGAR,532729
STL GLOBAL,532730
KEWAL KIRAN,532732
SUN TVNET,532733
GODAWARI POW,532734
RSYSTEMINT,532735
EMKAY GLOB F,532737
TCLCONS,532738
LOKESH MACH,532740
KAMDHENU,532741
PAUSHAKLTD,532742
GTN TEXTILE,532744
INDICAP,532745
PRIME FOCUS,532748
ALLCARGO,532749
GMRINFRA,532754
TECH MAH,532755
CIEINDIA,532756
VOLTAMP TRAN,532757
ATLANTA,532759
DEEPENR,532760
HOV SERVICES,532761
ACTION CONST,532762
GEECEE,532764
GAYATRI PROJ,532767
FIEM INDS,532768
JHS SVEN,532771
DCBBANK,532772
GLOBAL VECT,532773
INSPIRISYS,532774
GTL INFRAST,532775
SHIVAM AUTO,532776
INFO EDGE,532777
TORNT POWER,532779
PARSVNATH,532780
SUTLEJ TEXT,532782
DAAWAT,532783
SOBHA,532784
RUCHIRA PAP,532785
TANLA,532790
ZEEMEDIA,532794
SITINET,532795
LUMAX TECH,532796
AUTOIND,532797
NTWK MED INV,532798
HUBTOWN,532799
TV18BRDCST,532800
CAMBRIDGE,532801
TECHNOCRAFT,532804
REDINGTON,532805
AI CHAMPDNY,532806
CINELINE,532807
PGIL,532808
FSL,532809
POWER FINAN,532810
AHLUWALIA CO,532811
TRANSWARRANT,532812
INDIAN BANK,532814
SMS PHARMACE,532815
ORIENTAL,532817
ELAND,532820
IDEA,532822
JAGJANANI,532825
RAJ TELE,532826
PAGE INDUSTR,532827
AMD INDUS,532828
LEHAR,532829
ASTRAL,532830
INDBUL REAL,532832
CAMLINFINE,532834
ICRA,532835
DISH TV,532839
SAHYA INDU,532841
SREE RAYALA,532842
FORTIS,532843
TGBHOTELS,532845
HILTON MET,532847
DELTA CORP,532848
MIC ELECTRON,532850
INSECTCID,532851
ASAHI SONG,532853
HARYA CAPFIN,532855
TIME TECHNO,532856
HGSL,532859
NELCAST,532864
V2RETAIL,532867
DLF LIMITED,532868
TARMAT,532869
ANKIT METAL,532870
SUNPHA ADV,532872
ALLIED DIGIT,532875
ALPA LAB,532878
SIR SHADI LA,532879
OMAXE LTD,532880
REFEX,532884
CENTRAL BK,532885
SEL MANUF,532886
ASIAN GRANIT,532888
K.P.R. MILL,532889
TAKE SOLUT,532890
PURAVANKARA,532891
MOTILALOFS,532892
VTM LTD,532893
IWIND ENERGY,532894
NAGREKA CAP,532895
MAGNUM VENT,532896
POWER GRID,532898
KAVERI SEED,532899
PAISALO,532900
SUPREME INFR,532904
MAANALU,532906
ILFSENGG,532907
PARLEIND,532911
RELIGARE ENT,532915
BARAK VALL,532916
RATHI BARS,532918
ADANI PORTS,532921
EDELWEISS,532922
RGL,532923
KOLTEPATIL,532924
KAUSHAL INFR,532925
JYOTHYLAB,532926
ECLERX,532927
TRIL,532928
BRIGADE,532929
BGR ENERGY,532930
BURNPUR,532931
MANAKSIA LTD,532932
PORWAL AUTO,532933
PPAP,532934
ARIES AGRO,532935
KUANTUM,532937
RPOWER,532939
J KUMAR INFR,532940
CORDS CABLE,532941
KNR CONST,532942
ONMOBILE,532944
SEPC,532945
BANG,532946
IRB INFRA,532947
GSS INFOTECH,532951
NAHAR CAP,532952
V GUARD IND,532953
RECLTD,532955
GOKAK TEXTI,532957
DHANI,532960
TITAGARH,532966
KIRI DYES,532967
ABML,532974
JAIBALA IND,532976
BAJAJ AUTO,532977
BAJAJ FINSE,532978
GOKUL REFOIL,532980
RPG LIFESCI,532983
KOTAK SENSEX,532985
NIRAJ CEMENT,532986
RANE BRAKE,532987
RANE ENGVL,532988
BAFNA PHARMA,532989
CHL LTD,532992
SEJAL,532993
ARCHIDPLY IN,532994
LEHIL,532998
SOMI CONVEY,533001
LGB FORGE,533007
LANDMRK PRO,533012
SICAGEN IND,533014
SIMPLEX MIL,533018
SIMPLEX PAP,533019
20 MICRONS,533022
ZFCVINDIA,533023
ALKALI,533029
ISGEC,533033
INDIAN MET,533047
TPHQ,533048
VEDAVAAG,533056
MOLDTKPACK,533080
MAH HOLIDAY,533088
EXCEL,533090
RAJ OIL,533093
BENGLA& ASM,533095
ADANI POWER,533096
NHPC,533098
GLOBUS SPR,533104
OIL INDIA,533106
BHILWRA TEC,533108
SH PRECOTED,533110
EXPLEOSOL,533121
RTNPOWER,533122
DEN NETWORK,533137
ASTEC LIFE,533138
DLINK IND,533146
JSW ENERGY,533148
ESSAR SECU,533149
GODREJ PROP,533150
D B CORP,533151
MBLINFRA,533152
JUBL FOOD,533155
VASCON ENG,533156
THANGAMAYIL,533158
D B REALTY,533160
EMMBI,533161
HATHWAY CAB,533162
ARSS INFRA,533163
TEXMO PIPES,533164
SUNDARAMMUL,533166
ROSSELL IND,533168
MAN INFRA,533169
TAMBOLIIN,533170
IVZINGOLD,533172
IL&FS TRANS,533177
PERSISTENT,533179
INTRASOFT,533181
KCP SUGAR IN,533192
KIRLOSKAR EL,533193
SATCH,533202
TARAPUR TRA,533203
SJVN,533206
EMAMI PAPER,533208
KRITI NUTRI,533210
GKB OPHTHA,533212
HMVL,533217
EMAMIREAL,533218
ASIAN HTL E,533227
BAJAJCON,533229
HDFCGOLD,533230
PRAKASHSTL,533239
ICICIGOLD,533244
GPPL,533248
WELSPUN INV,533252
SASTASUNDR,533259
CAREERP,533260
EROS MEDIA,533261
RAMKY INFRA,533262
GREENPOWER,533263
CANTABIL,533267
SEATV,533268
VATECH WABA,533269
BEDMUTHA IN,533270
ASHOKA,533271
JWL,533272
OBEROI REAL,533273
PRESTIGE,533274
SHAH,533275
COAL INDIA,533278
GRAVITA,533282
RPP INFRA,533284
RDB REALTY,533285
MOIL LTD,533286
ZEE LEARN,533287
KESAR TERMI,533289
A2ZINFRA,533292
KIRLOIL ENG,533293
RAVI KUMAR,533294
PUNJABNSIND,533295
FMNL,533296
SURANASOL,533298
SHEKHAWATI,533301
KALYANI INV,533302
BF INVEST,533303
SUMMIT SECU,533306
INNO INVEST,533315
STEL,533316
OMKAR SPC,533317
JUBILNT IND,533320
TEXMACO RAIL,533326
IND TERRAIN,533329
FINEOTEX  CH,533333
DHUNINV,533336
ZEN TECH,533339
LOVABLE,533343
PTCFIN SER,533344
MON100,533385
MUTHOOT FIN,533398
FCONSUMER,533400
CIL NOVA,533407
BSLGOLDETF,533408
VMS INDUSTR,533427
KARMA ENERG,533451
DELPHIFX,533452
RUSHIL DECOR,533470
ENKEI WHEEL,533477
KRIINFRA,533482
INVENTURE,533506
LNT FH,533519
YAARI,533520
TREE HOUSE,533540
BROOKS LABS,533543
RUPA & CO,533552
TD POWER,533553
AXISGOLD,533570
ALEM PHARMA,533573
VASWANI IND,533576
PG ELECTRO,533581
LESHAIND,533602
RDB RASAYAN,533608
TIJARIA PPL,533629
ONELIFE CAP,533632
FLEXITUFF,533638
UJAAS,533644
TRIVENITURB,533655
INDO THAI,533676
ESSAR SHIP,533704
LICMFGOLD,533719
APL APOLLO,533758
GPT INFRA,533761
FERVENTSYN,533896
TSIL,533941
TERASOFTWARE,533982
PMCFIN,534060
FUT SOL,534063
AIML,534064
RHIM,534076
MCX LTD,534091
SCHNEIDER,534139
OLYMPIC,534190
NBCC,534309
MT EDUCARE,534312
HEXATRADEX,534328
MAXHEIGHTS,534338
TBZ LTD,534369
VSSL,534392
LOOKS,534422
SPECIALITY R,534425
LYPSA GEMS,534532
RTNINDIA,534597
SAMPANN,534598
JTLIND,534600
AMTL,534612
NECC LTD,534615
WAAREERTL,534618
JUPITER INFO,534623
VINAYAK POL,534639
DUCON,534674
PROZONER,534675
SRG HFL,534680
COMFORT COM,534691
CASPIAN,534732
AERPACE,534733
VIRTUAL GLO,534741
ZUARI AGRO,534742
STEEL EXCH,534748
TRIO MERCAN,534755
CIGNITI TECH,534758
CDG,534796
CARERATING,534804
PC JEWELLER,534809
INDUSTOWER,534816
VMART,534976
NIBE,535136
MUKTA,535204
MYSTICELE,535205
COM FINCAP,535267
SBISENSEX,535276
REPCO HOME,535322
LAKHOTIA POL,535387
GCM SECU,535431
NRB IND BEA,535458
KIFS FSL,535566
SREELEATHER,535601
SHARDA MOTOR,535602
SV GLOBAL,535621
JUSTDIAL,535648
OONE,535657
IFINSEC,535667
BRAHM INFRA,535693
QUEST SOFTEC,535719
KHOOBSURAT,535730
ORIENT CEM,535754
ABFRL,535755
IBUL HSG FIN,535789
ESSENTIA,535958
JULIEN,536073
TIGER LOGS,536264
JKAGRI GEN,536493
FUTLIF FAS,536507
PVVINFRA,536659
VCU DATA,536672
INDRENEW,536709
JIN POLY INV,536773
INTEGRA TELE,536868
MOM100,536960
CAPTAIN POLY,536974
ICICINIFTY,537007
ICICINF100,537008
ARNOLD HOLD,537069
SUNIL HEALTH,537253
RCI IND,537254
SUYOG TELE,537259
NATH BIOGEN,537291
AGRI TECH,537292
CHEMTECH IND,537326
TAAZAINT,537392
NIF100BEES,537483
VIAANINDUS,537524
DENIS CHEM,537536
POLYMAC,537573
ETT LTD,537707
KOTAKNIFTY,537708
HANSUGAR,537709
KIRAN VYPAR,537750
BCP LTD,537766
RACE,537785
MANGALAM IND,537800
VFL,537820
PHOENIX TN,537839
INFRONICS SY,537985
CPSE ETF,538057
HARIA APL,538081
VASUPRADA,538092
RNB DENIMS,538119
GOLD LINE,538180
SHARP INV,538212
WONDERLA,538268
GCM CAPI,538319
AFEL,538351
INCREDIBLE,538365
WEST LEIRES,538382
MAESTROS ELE,538401
SPS,538402
JACKSON,538422
MONEYBOXX,538446
QUASAR,538452
TPROJECT,538464
AMARSEC,538465
CTL,538476
TARINI,538496
YAANENT,538521
JTAPARIA,538539
RLFL,538540
GOLDCOINHF,538542
BANSAL ROOF,538546
SKIPPER,538562
VISTARAMAR,538565
GULFOIL LUB,538567
TRIVENI ENT,538569
QUANTBUILD,538596
TTIENT,538597
VISHAL,538598
TOYAMSL,538607
GAJANANSEC,538609
UNISON,538610
VRL,538634
SNOWMAN,538635
QGO,538646
PURSHOTTAM,538647
SHARDACROP,538666
NAYSAA,538668
SENSEXBEES,538683
SHEMAROO,538685
ULTRACAB,538706
RCCL,538707
ETIL,538708
ATISHAY,538713
SANGAMFIN,538714
DHABRIYA,538715
PDSL,538730
VGCL,538732
CEINSYSTECH,538734
PANABYTE,538742
CRANE INFRA,538770
NIYOGIN,538772
KALYANCAP,538778
CIL,538786
GBFL,538787
GILADAFINS,538788
SAPPL,538795
AANCHALISP,538812
CAPPIPES,538817
KAIZENAGRO,538833
JMJFIN,538834
INTELLECT,538835
MONTECARLO,538836
JSTL,538837
ICL,538838
SCC,538857
PANAFIC,538860
CSL,538868
SELLWIN,538875
GALADAFIN,538881
EMERALD,538882
MKEXIM,538890
MCLOUD,538891
OCTAL,538894
MIHIKA,538895
KANCHI,538896
DHUN TEAIND,538902
VANICOM,538918
VINCOFE,538920
RAFL,538921
COSYN,538922
SOFCOM,538923
KARNAVATI,538928
MERCANTILE,538942
SONAL,538943
ALFL,538952
GENUSPAPER,538961
MINDACORP,538962
MERCURYLAB,538964
CONCORD,538965
WARDINMOBI,538970
SHREESEC,538975
GRNLAM IND,538979
TALBROSENG,538987
SAPL,538992
PUROHITCON,538993
PTCIL,539006
CHENFERRO,539011
MEGRISOFT,539012
GITARENEW,539013
ORTEL,539015
STARHFL,539017
BEEKAY,539018
SETFBSE100,539031
FRASER,539032
TTIL,539040
GANVERSE,539041
AGIIL,539042
BKMINDST,539043
MANAKSTELTD,539044
MNKALCOLTD,539045
MNKCMILTD,539046
IMAGICAA,539056
INOXWIND,539083
AANANDALAK,539096
URSUGAR,539097
FILTRA,539098
SHESHAINDS,539111
PML,539113
ALAN SCOTT,539115
SUJALA,539117
VRLLOG,539118
BFFL,539120
PALCO,539121
BODHTREE,539122
VBIND,539123
SARVOTTAM,539124
MEP,539126
WARDWIZFBL,539132
UFO,539141
PANTH,539143
SHIVALIK,539148
ICSL,539149
PNCINFRA,539150
ARFIN,539151
INDRAIND,539175
HAWAENG,539176
AIIL,539177
DFL,539190
POEL,539195
AEL,539196
CAPFIN,539198
SGFIN,539199
SATIA,539201
GVBL,539206
GARMNTMNTR,539216
SRESTHA,539217
SAUMYA,539218
MUL,539219
SPORTKING,539221
GROWINGTON,539222
RUDRA,539226
LOYAL,539227
GGPL,539228
BALKRISHNA,539251
SCFL,539252
ADANIENSOL,539254
STARDELTA,539255
SAMSRITA,539267
SYNGENE,539268
MSL,539275
KAYA,539276
ALSTONE,539277
SYMBIOX,539278
ORTINLAABS,539287
AVI,539288
AURUM,539289
OSWALGREEN,539290
VASUDHAGAM,539291
AKSPINTEX,539300
ARVSMART,539301
POWERMECH,539302
CANOPYFIN,539304
RAMASTEEL,539309
THINKINK,539310
UTISENSETF,539312
UTINIFTETF,539313
UNIAUTO,539314
VETO,539331
NAVKARCORP,539332
SHREEPUSHK,539334
GUJGAS,539336
WAAREE,539337
SADBHIN,539346
SALAUTO,539353
POLYSPIN,539354
PRITIKAUTO,539359
MINFY,539383
ACME,539391
VISHALBL,539398
BELLACASA,539399
MALLCOM,539400
NAKSH,539402
SATIN,539404
DITCO,539405
SWAGTAM,539406
GENCON,539407
KUBERJI,539408
NEERAJ,539409
TEJNAKSH,539428
COFFEEDAY,539436
IDFCFIRSTB,539437
BEARDSELL,539447
INDIGO,539448
SHK,539450
PANORAMA,539469
SHREEGANES,539470
GTV,539479
LICNETFN50,539480
LICNETFSEN,539487
GARBIFIN,539492
SMARTFIN,539494
ADCON,539506
QUINT,539515
HDFCNIFTY,539516
HDFCSENSEX,539517
UDAYJEW,539518
MAYUKH,539519
ALKEM,539523
LALPATHLAB,539524
SCTL,539526
CREATIVE,539527
AAYUSH,539528
LUXIND,539542
ABHIINFRA,539544
APOORVA,539545
BNL,539546
NH,539551
FMEC,539552
DDIL,539559
REMLIFE,539561
AARNAV,539562
SCL,539574
SIPTL,539584
SHIVA,539593
MISHTANN,539594
DELTA,539596
CGFL,539598
KEL,539599
BLUECLOUDS,539607
KEIL,539620
BCLENTERPR,539621
PRECAM,539636
TEAMLEASE,539658
VIDLI,539659
BESTAGRO,539660
ACEMEN,539661
BFLAFL,539662
RCL,539673
QUICKHEAL,539678
KAPILRAJ,539679
KPEL,539686
IFINSER,539692
HILIKS,539697
HYPERSOFT,539724
GOKULAGRO,539725
FREDUN,539730
SIMBHALS,539742
RELICAB,539760
VKAL,539761
MNIL,539767
ADVIKCA,539773
LICNFNHGP,539784
PDMJEPAPER,539785
HCG,539787
UMIYA,539798
BHARATWIRE,539799
CHDCHEM,539800
INFIBEAM,539807
LELAVOIR,539814
BALGOPAL,539834
SUPERIOR,539835
RPEL,539837
LANCER,539841
NINSYS,539843
HALDER,539854
THYROCARE,539871
BAJAJHCARE,539872
UJJIVAN,539874
RSDFIN,539875
CROMPTON,539876
PILANIINVS,539883
DARSHANORNA,539884
PARAGMILK,539889
MADHAVIPL,539894
KOCL,539910
NAGARFERT,539917
SEIL,539921
MIL,539938
YASHCHEM,539939
ICICINV20,539945
BAZELINTER,539946
JLL,539947
TAALENT,539956
MGL,539957
ZEAL,539963
QUESS,539978
ICICIMCAP,539980
HUIL,539984
TITAANIUM,539985
COMSYN,539986
CFEL,539991
LLOYDSENGG,539992
KPL,539997
LTIM,540005
EASTWEST,540006
BSLSENETFG,540008
COLORCHIPS,540023
ADVENZYMES,540025
LAHL,540026
PTIL,540027
DBL,540047
SPAL,540048
BIGBLOC,540061
ECS,540063
FRETAIL,540064
RBLBANK,540065
SHIVAEXPO,540072
BLS,540073
MITSU,540078
SPRAYKING,540079
DHATRE,540080
GOVNOW,540081
RSTL,540082
TVVISION,540083
VISCO,540097
TIAANC,540108
LTTS,540115
GNA,540124
RADHIKAJWE,540125
ICICIPRULI,540133
IISL,540134
ARCFIN,540135
HPL,540136
SAGARSOFT,540143
DRA,540144
VALIANTORG,540145
ACML,540146
SHASHIJIT,540147
ENDURANCE,540153
IDFSENSEXE,540154
PURPLE,540159
SUPRAPFSL,540168
PNBHOUSING,540173
SOUTHERNIN,540174
REGENCY,540175
VBL,540180
SALEM,540181
FRANKLININD,540190
LKPSEC,540192
OSIAJEE,540198
SFL,540203
EIKO,540204
AVL,540205
HEADSUP,540210
TCIEXP,540212
LAURUSLABS,540222
NEWLIGHT,540243
VSL,540252
MTPL,540254
SHANGAR,540259
GLCL,540266
FLORACORP,540267
TRU,540268
PRICOLLTD,540293
CFL,540310
JITFINFRA,540311
RMC,540358
PARMAX,540359
LLFICL,540360
DANUBE,540361
RADIOCITY,540366
DMART,540376
IFL,540377
ONTIC,540386
SMLT,540393
CHEMCRUX,540395
MANOMAY,540396
MAXIMUS,540401
CLEDUCATE,540403
SHANKARA,540425
CLFL,540481
STARLENT,540492
SCHAND,540497
KANUNGO,540515
MEERA,540519
IRBINVIT,540526
HUDCO,540530
PSPPROJECT,540544
BGJL,540545
INDIGRID,540565
VARIMAN,540570
STARCEMENT,540575
RIDDHICORP,540590
TEJASNET,540595
ERIS,540596
GTPL,540602
AUBANK,540611
ICICILOVOL,540612
GGENG,540614
7NR,540615
SALASAR,540642
GANGESSEC,540647
PALASHSEC,540648
AVADHSUGAR,540649
MAGADHSUGAR,540650
JIGAR,540651
CTCL,540652
GSTL,540654
UTINEXT50,540669
SIS,540673
COCHINSHIP,540678
SMSLIFE,540679
KIOCL,540680
SMRUTHIORG,540686
ABCAPITAL,540691
APEX,540692
SHISHIND,540693
ANG,540694
KCDGROUP,540696
DIXON,540699
BRNL,540700
DCAL,540701
LASA,540702
MATRIMONY,540704
RELHOME,540709
CAPACITE,540710
SAGAR,540715
ICICIGI,540716
PQIF,540717
AKM,540718
SBILIFE,540719
DIAMONDYD,540724
SISL,540725
TTFL,540726
POOJA,540727
SAYAJIIND,540728
VANTABIO,540729
MEHAI,540730
SGRL,540737
STL,540738
GODREJAGRO,540743
MASFIN,540749
IEX,540750
GICRE,540755
SCPL,540757
TIINDIA,540762
NAM-INDIA,540767
MAHLOG,540768
NIACL,540769
IFGLEXPOR,540774
KHADIM,540775
5PAISA,540776
HDFCLIFE,540777
SBRANDS,540782
SHARIKA,540786
ICICIB22,540787
ASPIRA,540788
DNAMEDIA,540789
DYNAMIC,540795
SHALBY,540797
MRCAGRO,540809
SADHNA,540821
VITESSE,540823
ASTRON,540824
CHANDRIMA,540829
RITHWIKFMS,540843
7SEAS,540874
APOLLO,540879
NEWGEN,540900
PRAXIS,540901
AMBER,540902
TIRUFOAM,540904
SRUSTEELS,540914
ASHOKAMET,540923
GALAXYSURF,540935
GGL,540936
MEDICO,540937
LAL,540952
KENVI,540953
IWP,540954
TDSL,540955
BHATIA,540956
SHIVAMILLS,540961
ASTERDM,540975
YSL,540980
KANCOTEA,541005
ANGEL,541006
HGINFRA,541019
INFLAME,541083
BPLPHARMA,541096
LIQUIDETF,541097
BDL,541143
ACTIVE,541144
GOYALALUM,541152
BANDHANBNK,541153
HAL,541154
KBCGLOBAL,541161
SANDHAR,541163
YASHO,541167
BENARA,541178
ISEC,541179
MIDHANI,541195
OBCL,541206
TRL,541228
LEMONTREE,541233
CHEMFABALKA,541269
HARDWYN,541276
ORIENTELEC,541301
DHRUV,541302
AKSHAR,541303
ICICI500,541313
INDOSTAR,541336
MILEFUR,541337
UHZAVERI,541338
PARVATI,541347
MEGASTAR,541352
INNOVATORS,541353
ZIMLAB,541400
AFFORDABLE,541402
DOLLAR,541403
NGIL,541418
PALMJEWELS,541444
WAA,541445
ADANIGREEN,541450
SOLARA,541540
GAYAHWS,541546
RITES,541556
FINEORG,541557
VARROC,541578
RAJNISH,541601
RAWEDGE,541634
TCNSBRANDS,541700
ASHNI,541702
GFIL,541703
HDFCAMC,541729
VIVANTA,541735
TINNATFL,541741
CREDITACC,541770
AMINTAN,541771
DEEP,541778
ICICINXT50,541809
ASRL,541865
SPACEINCUBA,541890
SGIL,541929
RANJEET,541945
ICICILIQ,541946
IRCON,541956
SKYGOLD,541967
SETFSN50,541972
MANORAMA,541974
INNOVATIVE,541983
AAVAS,541988
GRSE,542011
AAL,542012
DOLFIN,542013
SHUBHAM,542019
AKI,542020
SUNRETAIL,542025
SMGOLD,542034
VIVIDM,542046
BCPL,542057
ATGL,542066
PHOSPHATE,542123
NIFTYETF,542131
TECHNOE,542141
DGL,542155
NIVAKA,542206
DALBHARAT,542216
ABSLNN50ET,542230
NILASPACES,542231
SRD,542232
TREJHARA,542233
DECCAN,542248
AXITA,542285
KPIGREEN,542323
RPSGVENT,542333
SPENCER,542337
GLOSTERLTD,542351
XELPMOC,542367
RITCO,542383
CHALET,542399
ANMOL,542437
JONJUA,542446
KRANTI,542459
ANUP,542460
ARVINDFASN,542484
UTISXN50,542513
AGOL,542579
AARTECH,542580
HBEL,542592
MSTC,542597
EMBASSY,542602
CHANDNIMACH,542627
RVNL,542649
METROPOLIS,542650
KPITTECH,542651
POLYCAB,542652
VIKASLIFE,542655
NEOGEN,542665
GKP,542666
WORL,542667
EVANS,542668
BMW,542669
AEPL,542670
MAHESH,542677
DEL,542679
HARISH,542682
PPL,542684
DGCONTENT,542685
PARSHVA,542694
ARL,542721
EARUM,542724
SBC,542725
INDIAMART,542726
DCMNVL,542729
ICICIBANKN,542730
SNXT50BEES,542747
AFFLE,542752
SEACOAST,542753
ICICIBANKP,542758
SPANDANA,542759
SWSOLAR,542760
TRANSPACT,542765
ALPHALOGIC,542770
360ONE,542772
IIFLSEC,542773
MUFIN,542774
GALACTICO,542802
VEL,542803
NIESSPJ,542804
NIESSPC,542808
NIESSPA,542810
FLUOROCHEM,542812
IRCTC,542830
NIESSPE,542837
NIEHSPD,542839
NIEHSPE,542841
NIEHSPG,542843
NIEHSPH,542844
NIEHSPL,542846
NIESSPL,542847
NIESSPM,542848
GOBLIN,542850
GENSOL,542851
VISHWARAJ,542852
GREENPANEL,542857
SHAHLON,542862
ABSLBANETF,542863
ANUROOP,542865
COLABCLOUD,542866
CSBBANK,542867
UJJIVANSFB,542904
HINDWAREAP,542905
PRINCEPIPE,542907
EBBETF0430,542909
GIANLIFE,542918
ARTEMISMED,542919
SUMICHEM,542920
ICICIM150,542921
NEXT50,542922
JANUSCORP,542924
UNIVPHOTO,542933
CBPL,542934
ICLORGANIC,542935
OCTAVIUSPL,542938
SUVENPHAR,543064
SMAUTO,543065
SBICARD,543066
07AGG,543071
07GPG,543079
09GPG,543092
UTCRFS2DGR,543099
08MPD,543144
08GPG,543150
10AGG,543161
10ARD,543165
10GPG,543167
ROJL,543171
11DPR,543173
11GPG,543174
11MPD,543175
11MPR,543176
11QPD,543177
11AGG,543181
11AMD,543182
11DPD,543186
POWERINDIA,543187
DJML,543193
NATURAL,543207
REGIS,543208
AARTISURF,543210
BONLON,543211
BOROLTD,543212
ROSSARI,543213
NDRAUTO,543214
EBBETF0425,543215
EBBETF0431,543216
MINDSPACE,543217
SBGLP,543218
ICICIALPLV,543219
MAXHEALTH,543220
ICICITECH,543221
MAXINDIA,543223
HDFCNIFBAN,543224
DATAINFRA,543225
UTIBANKETF,543226
HAPPSTMNDS,543227
ROUTE,543228
SAMRATFORG,543229
ADVAIT,543230
ADL,543231
CAMS,543232
CHEMCON,543233
SECMARK,543234
ANGELONE,543235
ATAM,543236
MAZDOCK,543237
UTIAMC,543238
GMPL,543239
LIKHITHA,543240
HEMIPROP,543242
EQUITASBNK,543243
SHINEFASH,543244
GLAND,543245
ESG,543246
RBA,543248
TARC,543249
MOGSEC,543250
RVHL,543251
FAIRCHEMOR,543252
BECTORFOOD,543253
AWHCL,543254
INFRABEES,543255
RFLL,543256
IRFC,543257
INDIGOPNTS,543258
HOMEFIRST,543259
STOVEKRAFT,543260
BIRET,543261
MRP,543262
SMCGLOBAL,543263
NURECA,543264
RAILTEL,543265
HERANBA,543266
DAVANGERE,543267
DRCSYSTEMS,543268
MTARTECH,543270
JUBLINGREA,543271
EASEMYTRIP,543272
KMEW,543273
SUUMAYA,543274
ANURAS,543275
CRAFTSMAN,543276
LXCHEM,543277
KALYANKJIL,543278
SURYODAY,543279
NAZARA,543280
SUVIDHAA,543281
BARBEQUE,543283
EKI,543284
JETMALL,543286
LODHA,543287
DEEPIND,543288
PGINVIT,543290
MAFANG,543291
ICICIPHARM,543292
IWEL,543297
VINEETLAB,543298
SHYAMMETL,543299
SONACOMS,543300
DODLA,543306
KIMS,543308
TIMESGREEN,543310
IPL,543311
GRINFRA,543317
CLEAN,543318
AAPLUSTRAD,543319
ZOMATO,543320
TATVA,543321
GLS,543322
BFSI,543323
ROLEXRINGS,543325
ICICIFMCG,543326
EXXARO,543327
KRSNAA,543328
WINDLAS,543329
DEVYANI,543330
MOL,543331
EPIGRAL,543332
CARTRADE,543333
NUVOCO,543334
APTUS,543335
CHEMPLASTS,543336
SHARPLINE,543341
AASHKA,543346
AXISTECETF,543347
AXISHETF,543348
AMIORG,543349
VIJAYA,543350
AXISCETF,543357
SANSERA,543358
PREVEST,543363
MARKOLINES,543364
MASPTOP50,543365
SBLI,543366
PARAS,543367
SVRL,543373
ABSLAMC,543374
ICICICONSU,543383
NYKAA,543384
FINOPB,543386
SJS,543387
DSPNEWETF,543388
SIGACHI,543389
POLICYBZR,543390
SGFRL,543391
PAYTM,543396
SAPPHIRE,543397
LATENTVIEW,543398
TARSONS,543399
OMNIPOTENT,543400
GOCOLORS,543401
HITECH,543411
STARHEALTH,543412
TEGA,543413
MAHKTECH,543414
ANANDRATHI,543415
ZODIAC,543416
RATEGAIN,543417
SHRIRAMPPS,543419
JETFREIGHT,543420
MAPMYINDIA,543425
METROBRAND,543426
MEDPLUS,543427
DATAPATTNS,543428
HPAL,543433
SUPRIYA,543434
CLARA,543435
WITS,543436
MONQ50,543437
DSPQ50ETF,543438
BRANDBUCKT,543439
DSPN50ETF,543440
CMSINFO,543441
BCONCEPTS,543442
ASCENSIVE,543443
WEL,543449
ICICIAUTO,543450
AGSTRA,543451
ICICISILVE,543452
ALKOSIGN,543453
MAKEINDIA,543454
AWL,543458
QRIL,543460
DEVIT,543462
MANYAVAR,543463
SPITZE,543464
MOMOMENTUM,543465
SOFTTECH,543470
SILVER,543471
TECH,543472
HEALTHY,543473
BSLNIFTY,543474
EKENNIS,543475
ICICI5GSEC,543480
MIDCAPETF,543481
EUREKAFORBE,543482
GATEWAY,543489
GMRP&UI,543490
BCCL,543497
MSUMI,543498
MOLOWVOL,543501
AVROIND,543512
UMAEXPORTS,543513
VERANDA,543514
SEML,543515
DHYAANI,543516
HARIOMPIPE,543517
GLHRL,543520
FONE4,543521
CAMPUS,543523
RAINBOW,543524
SILVERTUC,543525
LICI,543526
PRUDENT,543527
VENUSPIPES,543528
DELHIVERY,543529
PARADEEP,543530
TIERRA,543531
ETHOSLTD,543532
EMUDHRA,543533
AETHER,543534
WEWIN,543535
SILVERPRL,543536
GOEL,543538
MODIS,543539
PGCRL,543540
SAILANI,543541
BRRL,543543
JAYANT,543544
VEERKRUPA,543545
HEALTHYLIFE,543546
DDEVPLASTIK,543547
MOHEALTH,543563
ICICIMOM30,543568
HDFCNIF100,543569
HDFCNEXT50,543570
ICICIINFRA,543571
DSPSILVETF,543572
SYRMA,543573
NIFTYQLITY,543574
MOMENTUM,543575
MOVALUE,543576
OLATECH,543578
NATURO,543579
RHETAN,543590
DREAMFOLKS,543591
HDFCSILVER,543592
DBOL,543593
DPL,543594
TMB,543596
VOEPL,543597
KSOLVES,543599
HARSHA,543600
HDFCQUAL,543605
CONTAINE,543606
HDFCGROWTH,543607
HDFCVALUE,543608
TIPSFILMS,543614
SRSOLTD,543615
TLL,543616
REETECH,543617
CARGOTRANS,543618
CNCRD,543619
INA,543620
CARGOSOL,543621
STML,543622
VEDANTASSET,543623
SECURCRED,543625
EMIL,543626
HDFCLOWVOL,543627
HDFCMOMENT,543628
PPLPHARMA,543635
DCI,543636
PACE,543637
TRACXN,543638
NARMADA,543643
INFOBEAN,543644
HPIL,543645
DCXINDIA,543650
FUSION,543652
BIKAJI,543653
MEDANTA,543654
TECHNOPACK,543656
ACI,543657
FIVESTAR,543663
KAYNES,543664
HDFCNIFIT,543665
HDFCPVTBAN,543666
INOXGREEN,543667
BBTCL,543668
RUSTOMJEE,543669
VINNY,543670
AAATECH,543671
ICICIFIN,543677
AMBOAGRI,543678
SIRCA,543686
DHARMAJ,543687
SARVESHWAR,543688
UNIPARTS,543689
GARGI,543709
ICICICOMMO,543710
SULA,543711
AHL,543712
DRONACHRYA,543713
LANDMARK,543714
IEL,543715
KFINTECH,543720
ELIN,543725
RADIANTCMS,543732
AVEER,543737
DSPBANKETF,543738
SAH,543743
REXSEAL,543744
SVS,543745
ELIL,543746
KAMOPAINTS,543747
AARTIPHARM,543748
DHARNI,543753
TRANSVOY,543754
EARTH,543765
ASHIKA,543766
BTML,543767
NSLNISP,543768
INDONG,543769
HDFCBSE500,543774
HDFCSML250,543775
HDFCMID150,543776
GOLDETF,543781
SEALMATIC,543782
ROBU,543787
PATRON,543798
SVJ,543799
RESGEN,543805
AIRAN,543811
DIVGIITTS,543812
PSUBANKICI,543819
SUDARSHAN,543828
GSLSU,543829
LABELKRAFT,543830
BRIGHT,543831
DEVLAB,543848
AXISPEGP,543853
JAFINANCE,543860
USK,543861
MAIDEN,543874
EXHICON,543895
AVALON,543896
SANCODE,543897
BLAL,543898
SILVERETF,543900
RHL,543901
RETINA,543902
DSPGOLDETF,543903
MANKIND,543904
AVG,543910
ATALREAL,543911
NXST,543913
PAVNAIND,543915
HSIL,543916
SIGMA,543917
GHCLTEXTIL,543918
MKPL,543919
CFF,543920
COMRADE,543921
SILVRETF,543922
IKIO,543923
BIZOTIC,543926
ASIAN,543927
COSMICCRF,543928
HMAAGRO,543929
URAVI,543930
VEEFIN,543931
IDEAFORGE,543932
CYIENTDLM,543933
DSPITETF,543935
SENCO,543936
ACCELERATE,543938
KAKA,543939
JIOFIN,543940
AHASOLAR,543941
UTKARSHBNK,543942
ASARFI,543943
BANKETF,543944
NETWEB,543945
LIQUID,543946
DSPPSBKETF,543948
DSPPVBKETF,543949
YATHARTH,543950
NIITMTS,543952
KHAZANCHI,543953
ATL,543954
TREL,543955
ICICIQTY30,543956
REDTAPE,543957
VLEGOV,543958
SBFC,543959
CONCORDBIO,543960
CLEDUCATE7,543961
DPWIRES,543962
TVSSCS,543965
PYRAMID,543969
BONDADA,543971
AEROFLEX,543972
HDFCLIQUID,543973
VPRPL,543974
NIFMID150,543975
SHRAAITECH,543976
RISHABH,543977
RATNAVEER,543978
KAHAN,543979
JLHL,543980
RRKABEL,543981
MESON,543982
EMSLIMITED,543983
SAMHI,543984
ZAGGLE,543985
SOUTHWEST,543986
NAVINIFTY,543987
NUVAMA,543988
KALAMANDIR,543989
SIGNATURE,543990
TECHKGREEN,543991
YATRA,543992
JSWINFRA,543994
MVGJL,543995
UDS,543996
ORGANICREC,543997
VALIANTLAB,543998
SENSEXETF,543999
CCAL,544000
SUNITATOOL,544001
VIVAA,544002
PLAZACABLE,544003
IRMENERGY,544004
ITETF,544006
ALPHAETF,544007
MAXESTATES,544008
ICICISENSX,555555
TATAMTRTDVR,570001
FELDVR,570002
JISLBNDVR,570004
GATECHDVR,570005
KARUR VY(PS,590003
TIDE WATE(PS,590005
AMRUTANJAN,590006
XPRO INDI(PS,590013
HISARMET(PS,590018
BHARAT RA(PS,590021
FERT CHE(PS,590024
GINNI FIL(PS,590025
SOUTH PET(PS,590030
DE NORA,590031
KAVERI TELE,590041
SAKSOFT LTD,590051
SALONA COTSP,590056
EQUIPPP,590057
ANDHRA SUGAR,590062
INDIA MOTOR,590065
KCP LTD,590066
SUNDARAM FIN,590071
SUNDARAM BRK,590072
WHEELS INDIA,590073
LAMBODHARA T,590075
MAITHAN ALL,590078
ORISSA MINE,590086
GOLDBEES,590095
LIQUIDBEES,590096
KOTAKGOLDETF,590097
SBI GOLD ETS,590098
QUANTUM GOLD,590099
UTI GOLD ETF,590101
NIFTYBEES,590103
JUNIORBEES,590104
BANKBEES,590106
KOTAK PSU BK,590107
PSUBNKBEES,590108
SHARIABEES,590109
QNIFTY,590110
HNGSNGBEES,590113
MOM50,590115
MADRASFERT,590134
KOTAKBKETF,590136
SETFNIFBK,590137
SETFNIF50,590138
MBLNCRPS,717504
TVSHLNCRPS,717505
SGB20151,800251
SGB2016II,800253
SGBAUG24,800254
SGBJULY25,800269
SGBNOV25A,800275
SGBAUG27,800297
SGBOCT27A,800303
SGBAPR28,800318
SGBJULY28,800324
SGBAUG28,800325
SGBSEP28,800327
SGBOCT28,800328
SGBNOV28,800329
SGBJAN29,800331
SGBMAR29,800339
SGBMAY29,800340
SGBSEP29,800386
SGBNOV29,800434
699GOI2051,800435
SGBMARCH30,800439
738GOI2027,800442
SGBJUNE30,800443
736GOI2052,800452
SGBAUG30,800488
741GOI36,800574
699GOI26,800578
SGBJUNE31,800580
706GS28M23,800581
SGBSEP31,800596
AIRTELPP,890157
AURUMPP,890168
ADCONPP,890179
SGRLPP,890181
CRESSANPP,890187
ALANPP,890188
EIKOPP,890189
990IFCI24F,935321
0IFCI24G,935323
940IFCI25,935351
849NTPC25,935383
736PFC25,935506
714REC25,935540
739NHAI26,935580
76NHAI31,935584
764HUDCO31,935642
739NHAI31A,935664
729NABARD26,935688
9MMFSL26,935752
MMFSL26A,935760
0NIDO26,935790
9IBHFL26B,935860
0MFL25,935966
805MMFSL32,936048
925ERFL28,936132
943EFL28,936252
985EFL28,936254
10MFL23,936360
1040MFL23,936366
101JMFCSL23,936380
967JMFCSL23,936382
995EFL24,936392
EFL4JAN19A,936396
1015EFL29,936398
1060EFL29,936400
915MMFSL24,936408
93STFCL29,936454
0DLSL24,936508
889LTFL24,936524
975MFL24A,936538
10MFL24,936544
975MHIL24,936642
995EFL24A,936716
104EFL24,936718
995EFL29,936722
104EFL29,936724
975MFL24AA,936730
10MFL24A,936736
1013DLSL24,936758
96STF24,936790
97STF26,936792
85TCFS24,936806
865TCFS27,936810
0IFL25,936826
975MFL24B,936930
1025MHFL24,936953
0MHFL26,936959
995ECL24,936969
104ECL24,936971
995ECL29,936975
975MFL24BB,937023
10MFL24AA,937029
98NWFL25,937085
1025NWFL25,937087
95MFL25,937101
945MFL23,937299
96MFL25,937301
0MFL25D,937307
MFLOV24,937317
0EFSL24,937337
939EFSL26,937339
697PFCL36,937381
715PFCL36,937385
0MFL24D,937415
10IFL28,937453
96IFL28,937455
MFLV26E,937467
910EFSL24,937491
0EFSL24A,937493
930EFSL31,937501
1025MMFL26A,937515
950MFCL27D,937549
0MFCL26VIII,937557
BILNCD2021,937561
9PCHFL31A,937581
ZCSFL24,937589
0IHFL28,937623
955EFSL26A,937633
EFS10SEP21,937635
866IHFL24,937675
975MFL29,937777
MFL291021,937779
875EFSL24A,937793
91EFSL24A,937795
EFSL281221A,937797
93EFSL31A,937805
ZCMFL24,937891
11KAFL27,937921
850NIDO24,937989
NIDO29422,937991
870NIDO25,937993
905NIDO25,937995
915NIDO27,937999
NIDO29APR22,938003
930NIDO32,938005
MFLIII25C,938013
1040UCL25,938025
MMFL23522A,938055
940NFL24,938061
MFLI25,938065
MFLVI25,938075
11IML27,938091
NWIL150722,938097
916NWIL27,938105
MFL060922C,938143
87IHFL24,938162
894IHFL25,938172
915IHFL27,938180
1050KLM27,938196
EFSL201022,938204
975EFSL27,938214
79NHIT40,938224
79NHIT47,938226
MFLTDI25,938246
MFLTDVII27,938268
760MFL25,938288
894IHFL24,938302
0CCIL29,938336
95KFL27,938348
920EFSL26,938358
960EFSL26,938360
967EFSL28,938364
ZCEFSL28,938368
10EFSL33,938370
0IIFL28,938386
MFL02022023,938432
775MFL26,938434
990IBHFL26,938482
100ICCL25,938494
920EFSL2026,938518
MFL020523,938574
835IFL25,938624
865IFL28,938632
975NFL25,938638
1025NFL25,938640
EFSL210723,938650
967EFS28,938658
10EFS33,938664
ZCIHFL25I6,938678
948IHFL26I,938686
1050VCL25,938728
970CAGL28,938742
9KAFL24,938746
865MFL25A,938786
9MFL25A,938792
MFL200923A,938798
965IHFL25A,938808
971IHFL28A,938834
KFL280923,938852
775MFLTD28,938870
8MFLTD28,938876
78ABFL33,938890
ABFL091023B,938892
0EFSL25,938896
920EFSL26A,938898
960EFSLA,938900
967EFSL28A,938904
10EFSL33A,938910
1045EFSL33B,938912
1032APCRD26,958178
1088CIFCPER,958788
87BOBPER,959085
85BOBPERP,959800
830PFC2027,961730
734IRFC2028,961756
751HUDCO28,961765
876HUDCO28,961785
874HUDCO33,961786
863IIFCL28,961796
892PFC33,961804
876HUDCO24,961814
866IIFCL24C,961820
848IRFC24,961829
816IREDA24,961831
880IREDA29,961839
861KPL24,961849
888IRFC29,961885
SHAREINWARR,961917
IFCI010811B,972655
IFCI010811D,972657
IFCI310312A,972719
IFCI310312C,972721
990IFCI27B,972771
675PCHFL31,973491
BML280222,973819
970UPPC30,973878
970UPCL31,973881
995UPPCL25,974281
11MML26,974561
1075MFSL28,974654
1075MSFSL28,974720
1055MECL33,974749
1075MMF26,974966
1240AFPL29,974998
1125ESFBL29,975057
1115LFL25,975121
0MSFL25A,975137
11SCNL26,975154
